Series Number,Filename,Name,Description,Gender,Attributes,UUID,Hash
TEAM BEVEL,,,,,,,6a1176efbaccc5cc4694d2b626e7d70b83387803cccc517f892305c71169628f
1,adewale-the-amebo,adewale the amebo,adewale the amebo,male,,cad316c3-37f8-4b27-9f53-9d803bfcfee7,b8fb07ef084e10a9591e66e8d156a17843dee13f8b68ece82836d99610c62f96
2,alli-the-queeny,alli the queeny,Alli is an LGBT Stan.,male,,a57ecda4-a26f-4e97-a757-e1800af39aab,3aead2496204492ffa714ff60af402a56d709fe415b7124e5271c7ce964f15a9
3,aminat-the-snnobish,aminat the snnobish,Aminat never really wants to talk to anyone.,female,,0e37ed0d-3e84-4f32-a91f-ec9c4ba8c7de,7c3ba046b365e89631c7533dad6230304784d36e51efaddf3aee0754d8aa64e0
4,aminu-the-carpenter,aminu the carpenter,"Aminu's hands are blessed, he makes the best furniture in the whole of Kano.",male,,4f30b751-96e7-40fe-97fd-e3d44973ff2f,004279ec30ceae78bf6655ab9b8b4faff05f84ff671b58c82e79df71a2198ae6
5,chibuike-the-kudibag,chibuike the kudibag,Chibuike is too rich. Everyone wonders how he got it.,male,,5ce854f2-7ac1-46fd-b3fe-57583935d1e5,1d934d76a539c2a1d638fafd607fa03ca6d05a5bbcb2028070506e69096937f9
6,chidinma-the-model,chidinma the model,"From Paris' runways, to London's streets, she's always in demand.",female,,c98db72e-49ac-4ca6-89d5-e00f5fbbcc45,f52c85affe01ff9b397cdf32f3753f90f301e93e11f9a6ed4098205709aa5674
7,chioma-pretty- girl,chioma pretty girl,Chioma's face card is a 100.,female,,182ea888-a85b-42ca-ad73-ed4f8f9aa5c7,34d8f406b7e7229bf6a56182711ba01bdd1652f005ff8cf3b9d68eee1adb2709
8,damilare-the-handsome,damilare the handsome,He's a fine boy. Everyone loves his face(and him).,male,,27eca2dc-d7df-474a-8f8f-1858152c711e,9e68411067cba01c2e2855c0f58d35add8004f40a8d936d131cbbe51818f693a
9,ebiowie-the-planter,ebiowie the planter,Ebiowei has a reputation for nurturing plants.,male,,f1df8270-4d60-4bd4-8959-ba7c384db5c4,161bdfbdc086f7fd63b9a5cf142f9f9b32475f2590df79b27677212b583698ca
10,emeka-the-businessman,emeka the businessman,Emeka only cares about containers. No time to waste.,male,,9b3d75da-4887-4089-aee4-50de3954fdc9,88c73d298d321c45a442a7dd9733dfc32d86e355c171ac5bab279ad21efb098f
11,gbeminyi-the-monk,gbeminyi the monk,He lives in a monastery off the coast. No one has heard him speak in years.,male,,c8b1fd1d-8551-4bb4-8dc4-923a9aeb39fb,e2123c24104526642158859728e60664f4226435aa4e6930e1d6c1ffcd6245bf
12,henry-the-sportsman,henry the sportsman,He's played every sport known to man. Even cricket.,male,,e1225451-bfdf-4a1f-8d37-9cce3a0bd67b,a73454f030ad7602c9758d5f52ee816092ea0a533a9c6b530d6510d753e73706
13,mayowa-the-smallie,mayowa the smallie,Mayowa is so small but everyone loves him even still.,male,,dfbb4163-df24-4d54-b74c-6218a68df8bd,f201973470161d0423e2cb1d720d968a3d02b0bcde07cae75c655737e7e429c1
14,muyiwa-the-stylish,muyiwa the stylish,Muyiwa has a motto which is never to be caught unfresh.,male,,dcf9d5a0-57b7-4126-a05e-6c8f1045d3f7,fc58b9c25e0cfaed381a383c6e7e6dec9f417e75f982c7308e788b539c73046b
15,nina-paper-chaser,nina paper chaser,Nina na Igbo girl wey like money. Finish.,female,,59524227-dc52-407c-8cca-e9e8c5fb3018,874db51d25bd0722602fc21ed847673964eb605f53c69a1551db19bc03c6a0e8
16,oluwaseun-spicy,oluwaseun spicy,He loves spicy foods. He cooks pepper and sprinkles rice on top.,male,,808f7007-6552-4efa-bd13-4b7c337b102b,b23ae7f640e0f1fff4b28d7ee82afb0b7eca4e626a8c2a800e1f0266c2a5c1d9
17,sesan-the-smartie,sesan the smartie,Sesan always comes first in competitions.,male,,ba3edda7-8940-4ca4-97ba-826398d5909f,7b63a6c2bab5d049b497000eaba1ad1fa9516392602d3295e1765359a18c7dd1
18,tiwa-london,tiwa london,"If she says she's in London and you see her, you're in London too.",female,,78da7aeb-8352-4e25-89ac-dc48b5984089,feaa13376a1d39f928d70b3849f19dc1a8387d937dcf62cf4f93605d34852889
19,tunde-yoruba-demon,tunde yoruba demon,"Tunde derives joy in breaking girls heart. It's a lifestyle.""",male,,53b46bd7-a537-402b-b249-0b4074a8faae,36ce10c6767878e36fad20272a5bb07169f79f968dfd38094bf324e8d7564a17
20,yakubu-the-zombie,yakubu the zombie,Yakubu earned his zombie title because na only dust full him head.,male,,4adb6781-1614-424e-8f77-fe59ffca2209,35ca31dd551151d5aae867e132d1da51e7918920349c5954ed7e95c199074b20
TEAM CLUTCH,,,,,,,e45d98faab79266a26882c54ceed715a0fa716128fa957e027e7fa8eec1bc228
21,abdul-the-vibe,abdul the vibe,abdul the life of the party and can never be caught unfresh,male,,770f817a-9d9a-4772-9a91-e66dd9d03470,9afe49284d4ce51f45ebeb7aa507fa5ab1aaa56e7f3e62131b1d693689a7ca41
22,emeka-the -clown,emeka the clown,"emeka the funny man, always making silly jokes",male,,78810fa6-a7ef-4d83-bf57-caf49db4ee69,87f8a42b71dade5254268cd91e4d183a9fa90f482021ce5a3aabcde812007d09
23,salam-the-odogwu,salam the odogwu,salam is a big time textile marketer always sourcing for quality materials,male,,f2957ded-022c-4b07-92c6-b345d4816a67,b5b266e6b5eff35eedac3c0aab38b40d30be65661b04cb92f567e6ac611fda9d
24,24,charles the exporter,charles a business man an importer and exporter never to be caught idle,male,,09395e76-19ed-4852-8748-795ee7496a8e,db3126332d576212607f82a4078a504dbaf0a502bd6bbfc2d28fc6693e26f6ab
25,wole-the-pimp,wole the pimp,wole knows all the babes in town and is always pimping them out,male,,4d94d4f7-9b69-4e43-9db1-1fe83df92857,262adcbada6297a7d6ce75fdab3b5220d420bf41b01437e5712eda03b30ff7f3
26,saro-the-baller,saro the baller,saro is a baller and is always ready to turnup,male,,d35a7514-8996-42fb-a5f2-5a603ec679c5,90a4d4779e1adf5d1ecefface7dfa27d0a211b12782dc3f29faba1a1d7cf1f93
27,ade-omo-yoruba,ade omo yoruba,ade a yourba man takes pride in the yourba tribe,male,,92984fa0-310b-4377-8a10-15965d044383,a514822680c511f59bb1372ef971bbe0ff7be71f53cdabd2ee2645412b3eeec9
28,shola-cool-kid, shola cool kid,shola prefers to be alone because he hates stress,male,,3ac5c186-bc14-4eb6-8567-cc818465a64f,25daaf7d4c1784f29b81ea28a85f0ffd9aa4dd3c281fb1e30422a919d92d71cc
29,charlie-the-smoker,charlie the smoker,charlie uses smoking as a coping mechanism,male,,71a0aa22-d111-43b7-8484-43d87310bc42,ece89b429f1311ade28d75c79e6e9cf649b3e6b5e13e37224e69181eadcbf1e6
30,femi-the-badguy,femi the badguy,femi is the biggest guy in lagos and he has served plenty babes breakfast,male,,e493e3fb-a8a0-455a-854f-0f6474bbc69f,1b7c23d033d6b6b64d64332bdde022e2dc6de432e0487d606593f52b7aaf472f
31,sinzu-money,sinzu money,sinzu loves spending money on flashy things,male,,942f8347-9932-4331-bd15-d0f3a048b54f,25b04c6c4ffb472205fc94f55288376d0975ebd4bf69ebadf888c6e5409db32a
32,obinna-the-palmwine tapper,obinna the palmwine tapper,obinna taps palmwine for a living,male,,0f1af056-2548-4407-bed4-abc11deae05d,e4ed868438d7ad4407325c6f5360584719ccff12ea460dc67034b264487c6959
33,aminu-maikudi,aminu maikudi,aminu is a wealthy man from a family with generational wealth. His exquisite taste shows it,male,,0129e7a5-e3d0-4675-92d0-1a1e55d11612,97b75c07b7a205b9aa7df6ea96125eb089c950c73b9114f3797cb6d0f229b260
34,sabinus-the-town crier,sabinus the town crier,sabinus delivers messages to his town people,male,,01d4ce96-818e-44b1-8813-68a7d34b35ba,5655661c05a8b4d2f8a47c9aaf97dd7f15f59cc484c12fecfd7b32d1ce343247
35,adisa-ibadan,adisa ibadan,"adisa the greatest man in the whole town of ibadan, is authority can never be questioned",male,,3a925f27-35f6-4dbf-9960-c6527fae5f3e,60e516a78656407646bbbc5987f9cfd38d6170a7e35ea43a47463d83c6e766a5
36,linda-the-navigator,linda the navigator,linda knows how to make a way for herself and people around her,female,,71f335a6-5a4f-4410-9cea-179336f0e498,5729f073a51fcc20c7d3d7a93225dabdbeddd34685caa15ef4e9038ec476edf1
37,kemi-the-iron lady,kemi the iron lady,kemi the strongest woman known to the town of  igbede people,female,,35b11a31-5b92-49f4-8fb1-30f255d22054,b81a63ca52b9da23b1e9c097b7638608f1204694de8509e20004bd5c0b8dbac5
38,mercy-the-sassy lady,mercy the sassy lady,mercy only care about spending her father's money and treats people like trash,female,,7a3c70ac-927f-4a63-a3df-ab86dd27cd0f,05b34e126b94efa87bacbec9050f31d6c717dc67c07e53eb928a0115012513ed
39,sandra-money,sandra money,sandra likes getting and spending money,female,,1bd95fb0-7b2e-4354-bebd-22f9cf70a1ca,1e67f0422962986ad918e31e61a77c6d8fe1435dadcd599e6236a0b10b0c0259
40,bimpe-the-fashionista,bimpe the fashionista,bimpe loves wearing trendy clothes and looking gorgeous,female,,92b548b7-998b-46b6-8198-80d407209483,cc99e5025aaa1828f6981cf5f54c04ffc0c1d882939da262502b101c7249682b
TEAM ENGINE,,,,,,,574da0f72f83e5152cbb54f1103f9242fc1197a26babd8a67d74fc29ae070ec4
41,kim-rich-aunty,kim rich aunty,she loves spoiling her nieces and nephew,Female,,3344a73c-f15e-4afd-a1b2-3199e27eb08f,e11cac8c7e700c59c6b0625251118709e50b04ed5989828665b52a448a0ee09e
42,barbra-vampire-bc,barbra vampire bc,she loves drinking the blood of her victims,Female,,4f31fd99-4918-42a9-a112-fa60ef36d5c6,975014589a858e286797b835d0057175843c7fde3043911060b62f960b176fc7
43,jean-art-dolger,jean art dolger,loves collecting art for charity ,Female,,5e1105d9-e485-462d-a5bf-1eb931976b13,76bffdd99e7b6528bf5db48b57784a3180f69dbfb7831ca634b6d76024fdc831
44,flora-burger- eater,flora burger eater,she loves eating burgers,Female,,054dffd1-cdff-417b-b6c2-a679dabd087b,3adaca4546ae32c1a193a8f2a0d71a3f0f94a73fbee1c92e271c0cc642b0d4a8
45,jessie-lord-rings,jessie lord rings,she seeks her 'precious',Female,,caacabe1-0abc-43af-92e2-2231248bff93,48d078b43c4a6ad354d8dcbbd4c8275bb8b9a8891cb0fbb5700657e7bfeff288
46,pinky-monky-ponk,pinky monky ponk,she love to dance the honky tonk,Female,,bd6a4b38-543e-40fa-9153-f7e1a947ebb1,974a7797feb1c0d6d862acca83db9a9b613c4dde87050536d3efdd7755ee7046
47,wanjiru-hippie-glitter,wanjiru hippie glitter,a hippie that loves her glitters,Female,,683f0d27-3cb4-4948-b1b5-09f10bee575a,fbeed24226ede3778a1129f97ccd714ddd62a44edf3e69b2f2595368d69eae6c
48,njoki-binary-coder,njoki binary coder,she codes with the best and tops the set,Female,,9b59bdb4-0c6c-4107-9d72-6d38d308edb4,9bd94b4f3af459081226c2d44dcc4af84aef7f7e955d3d8ec4f838d121e768d9
49,wangu-calaba-hustler,wangu calaba hustler,she's a mean hustler so be careful,Female,,67f7da93-3925-4def-b660-58f558c14a19,859f107b6f79cfbf6657fedd14d7a5c58b66c5bb731c2abe59d30239960ea973
50,lulu-dey-kpako,lulu dey kpako,she's as skinny as she is beautiful,Female,,23b6c38f-ab84-4565-bfe9-d9eb019c9f29,680a0b0decfedfb67b2f2dae371b271433999d40ac314d337d9fd319cbe50ecf
51,kiki-cala-flier,kiki cala flier,she flies first class and gets the best deals,Female,,d24aefff-c9fc-4ea9-a7cf-1b741076c822,68dd8d188118b970be00bf395d87d41e196e94b56b9994c6206ddb78091c4116
52,purity-nft -investor,purity nft investor,she is an angel investor looking for the next big thing,Female,,ee86ef77-4793-411a-88d3-ea54d84f6b24,b882eee6682b106af6875d7611109e3db2abae38eaddbfea535b5d7748e5d1d0
53,june-binary-monk,june binary monk,she has a twin thats from Tibet ,Female,,102c4cdb-f812-44fd-bf47-5065284c6075,206585a23c626d4e6e4ecef223bd49b1c53ea508eb04bda7b1e038b4175a3317
54,aisha-crows-damsel,aisha crows damsel,she is always a damsel in distress,Female,,c4071af3-b49e-4ad6-898b-7828f90465fb,cc3b1e992a1967f18e3a2f776a892d7b162e8b7c13ef7c79c3f0a49feeeb2dd7
55,bobo-crypto-lovely,bobo crypto lovely,she is a crpto guru you can trust all through,Female,,427ea0f5-30a3-4d70-a5bd-a6106409b83c,50b44e0734d510b2c6ed35da6e4cd3122a4a73ea7b8fe6adcf30e971c24e459c
56,nell-light -embrace,nell light embrace,she is an empath; ready with a kind word or hug,Female,,9dfe30b4-c71a-471c-8091-f5c4a238eed8,98e043f7455438ea7a49d1b14e900f93b12f671dad5bbd6fca87b2db03b53b2f
57,rachel-mood-silent,rachel mood silent,"introvert  to the core, a mysterious lady",Female,,11450acd-f0d7-406f-bc18-bdb680404845,c37702eb72a484a2b152dc6806e3dbcc6d08b2c6d6bf8e049deca580c5209576
58,nana-reflector-agent,nana reflector agent,she loves her chrome fashion stye,Female,,63bda633-bfca-4b28-823f-7772936b4103,a993ae88683dc9e3cbcabe1e1a69c633ea67d01d66848691196bf5148dad7044
59,bree-busy-gossip,bree busy gossip,"never wisper your secrets to her, except you want the world to know",Female,,4f5898d9-fc99-4053-a56c-b2ec1ef41347,636183264cfce1fcb76a5490d8a6e11508791a31f6a4a9393dbcbfb901f5a326
60,jude-shadow-fighter,jude shadow fighter,"a ninja warrior, the last samurai standing",Female,,a47b2ed7-d4aa-4404-ac40-0ecea464cf3f,02eeca65e97cfd21e76ebdb4fde4caaa43aa29fdabd122fc34acf3d53ad54a6f
,,,,,,,bad264c25caeced3849778c9e2ffad1892d1ef80aa081dec5b0fc17cb28beb9f
TEAM GRIT,,,,,,,271e75a8a3696e07003215a83fdc2a68b4b549f6622d7d1591bcab58ba4733ed
61,toy-soldier,toy soldier,a man stronger than an army,male,"hair: bald, strengths: powerful, weakness: sentimental",fc8ea3ac-59d1-11ed-9b6a-0242ac120002,3f81e4b64fb6dd754459a580e31d738cac738e037d52ac042354085dfb6993f0
62,pipey-rivers,pipey rivers,a man who loves the water so much and fixes its path,male,"hair:bald, strengths: calculative, weakness: public speaking",58f69cae-59d1-11ed-9b6a-0242ac120002,4b93093706a11b84cf5a009e163f1c7677af2ebf8e45ef917cb3e6525a4c0d10
63,phiri-of-zambia,phiri of zambia,an african woman with strength and beauty,female,"hair: two purple bun, strengths: free spirit weakness: blind ",24b537fa-59d3-11ed-9b6a-0242ac120002,9b307b06469b90a249c2ed1398181f6710c300cc91e7e50407613a33eca084fb
64,patrick-of-bikinibottom,patrick of bikinibottom,a white man who loves the African culture and associates with their dressing,male,"hair: bald, strengths: adaptation, weakness: fluency",064c7b84-59d3-11ed-9b6a-0242ac120002,bab7b024a459f959550122c1a2febb393f31f8d697c994d4874f7b4d6224bcc2
65,nobuhle-of-zulu,nobuhle of zulu,a woman well endowed with beauty,female,"hair: brown bun, strengths: cool headed, weakness: pressure",1ee5b1ce-59d3-11ed-9b6a-0242ac120002,e9f5983141754f2f7eac2e318a94a3ce0cef1ce80b12285cfc73b4331bbfd02c
66,nkosazana-of-xhosa,nkosazana of xhosa,an african princess always proud of her culture,female,"hair: ginger afro, strengths: confidence, weakness: endurance",2f1a1724-59d3-11ed-9b6a-0242ac120002,a777521c87f84b3f383dac00380d16ad80e2a46de42cb758598b38664049af2a
67,mandla-of-zulu,mandla of zulu,a simple and an introvert who keeps to himself,male,"hair: bald, strength: strong willed, weakness: relationship",d04553b2-59d7-11ed-9b6a-0242ac120002,565a5e6be262594def42d73051a0da30d6a4cb8caf16abca60722d99a1b4642d
68,john-doe,john doe,a principled guy who is conscious of his health and ensures protection from infection,male,"hair: bald, strength: cleaniness, weakness: perfectionist",5d19795e-59d2-11ed-9b6a-0242ac120002,a0e945fe4eb0abc74ddf893c73ffefb47ae7113ebc19b8b98ff21804829a4a3b
69,ghost-of-power,ghost of power,a woman stronger than ten men combined,female,"hair: black tied with scalf, strength: badass weakness: cancer",29c764ca-59d3-11ed-9b6a-0242ac120002,6c0d24c0e677a64e426c423e8124b46be09072da67c1fb629502edab96b2fb72
70,freida,freida,a man who is always peaceful,male,"hair: bald, strength: peaceful weakness: anger",ee671c4a-59d2-11ed-9b6a-0242ac120002,ca754d9a2cbfd11044c09d67ab45241ab5c751930b11f0dd87d93d1a74fe43af
71,flamboyant-tree,flamboyant tree,beautiful african woman,female,"hair: one bun dark brown, strength: beauty, weakness: lover girl",380e4990-59d3-11ed-9b6a-0242ac120002,9c3e1fc2159b9294c2e7472e9e2e8eefc105a39bb3d494853c27e01ed08dc5e7
72,david-of-accra,david of accra,a combatant who fights and defends his people,male,"hair: bald, strength: super powerful, weakness: sleeping",1c1ef1b4-59d1-11ed-9b6a-0242ac120002,aff6ac11d182faee8f38ce5d06161cbf5c96d1373f9a11675fcf08081881c7df
73,cally-lily,cally lily,a man who is a breath of fresh air,male,"hair: male, strength: calm weakness: sun",82bba87c-59d1-11ed-9b6a-0242ac120002,a89db96ea974ebb0264d7d53055393079d227456f3d8681eddb4ea8246998e22
74,bubune-of-accra,bubune of accra,"a man with honor, always conscious of his health",male,"hair: bald, strength: clean weakness: foodie",faa4b530-59d2-11ed-9b6a-0242ac120002,9bbca4fcd6723507f7a09fd22f5ee056499a23911c1f5ea90ed9a419041ca19f
75,bediako-of-accra,bediako of accra,a strong man always ready to fight for what is right,male,"hair: bald, strength: activist, weakness: irrational",fb6e8222-59d0-11ed-9b6a-0242ac120002,b549f7d05f025a7b9aa3a6f6140868b39ef2361e848c5f09d30e1bd3366d9d7a
76,avatar-aang,avatar aang,a man who is ready to save the world,male,"hair: bald, strength: mind games, weakness: insomia",169f93a0-59d2-11ed-9b6a-0242ac120002,c96f737e76e09c8e4bc998b42dbc0e29c56b789f0885ef0898d87546a01c40ea
77,argus-greek,argus greek,a man who you will always find on the look out ,male,"hair: bald, strength: strong , weakness: lateness",e7f26b26-59d2-11ed-9b6a-0242ac120002,00117e6a65f8c40e82f522d8c60cd66c4bb0fabfb90cb0e5b558b8ab79232f56
78,amahle-of-zulu,amahle of zulu,"A traditional man, feeling fulfilled",male,"hair: bald, strength: conversationist, weakness: traditionalist",169f93a0-59d2-11ed-9b6a-0242ac120002,863b70093a17836ac46dbf529c683a75ff0c2c37f688c2e2076a54d99730b56b
79,agnar-ole,agnar ole,a man who feels like an outcast and always has a battle with his mind,male,"hair: bald, strength: strong willed, weakness: crying",f3f11fd0-59d2-11ed-9b6a-0242ac120002,0137bf07940200d8c58b09c602cd7025d80857362bacbe51deadf784a39888ef
80,adom-kulu,adom kulu,"a Ghanaian model, proud of his culture",male,"hair: bald, strength: height,  weakness: pride",00f6589e-59d3-11ed-9b6a-0242ac120002,227373aa7b8899048e8aa35c762fc3a3980ba307e1ab676787ab3dd98a60a434
,,,,,,,bad264c25caeced3849778c9e2ffad1892d1ef80aa081dec5b0fc17cb28beb9f
TEAM PRYBAR,,,,,,,c0e89c54835961bfdf917cb3538698abd024ef7bb776dae230e6091d9a10323a
81,segun-baller,segun baller,,,,58ac5cf6-b644-41c6-af79-ec9aa5f6bdd1,392dc4fbf2212a0089b92de397b83c97f8f0807c8ce3d57c0ccc690e52daff09
82,bolanle-pepper-dem,bolanle pepper dem,,,,46966104-775b-4443-90bb-b35afd121653,d4afb6a4b9a06a5a96e028ff1edb9584763f84bfbac565b5e21cf101a0bc5c46
83,tayo-tailor,tayo tailor,,,,70828783-ac38-48cf-b966-cfebc92ebd86,60c4e09531a1d8353d47887802f0dd11983b1fb7ac30d9b1ac4c6746e0a34473
84,ajasco-comedian,ajasco comedian,,,,8bebdb3a-f0a8-47ba-892f-39aa275fbd0d,984e64ea5fd05bcbee9233ebb55749e2d22fafd17b5431198ad3f1c61c982675
85,tobi-babyboy,tobi babyboy,,,,3da592d4-5dec-4bc5-8412-f1b2a0269f95,f071eb3bdbbabf26a14cc550619917cedaad2011de072cd39dd1a2deb883ef61
86,esther-sassy,esther sassy,,,,0642a25a-966d-446f-b021-a6d18e7fa0c5,dcaf4e5f02354f510f3ebabc5d246a81bc435dd44eeb35ce2da026ba0ec6e045
87,ozo-fineboi,ozo fineboi,,,,fdb0a5b6-7367-48bb-bd6b-720ec8c15226,6945c1d957215e69f1ef07288ef8301c49bcb0e08467986f1f330ab1b0d05124
88,ade-party-girl,ade party girl,,,,7e3db30c-9faf-430d-ab48-b854fe0456b9,91a3a3c54eaff7a18699d9ef6071357e983d466d1e097d3056c17817ed295609
89,john-casco,john casco,,,,2eff88ef-5bc2-4779-917a-533e952e2953,ff17db6162a69035798cf4f860e3a7401f7c43d14b5359bee95221d5a32e2273
90,agha-uwa,agha uwa,,,,8478a002-1eba-4a05-8b98-7170c6e39254,33d68b0a37c322454b16087d49ab8a48109c45119063cbdf6a9f948a2aab2b24
91,udeme-great,udeme great,,,,d1476409-6f8b-4be9-8c93-24d9123749c5,cef9a6b39ec0320e0de515c243ec9e0a8009e3afc094dd610827d412bf38e6bf
92,femi-tech-bro,femi tech bro,,,,ba3ec22a-13d5-4e19-9b7f-aac764fda28c,3377e83a05e27fa368132eb82cf9bbde5a7a621d03ca928cd845ca3a805fa70e
93,sai-baba,sai baba,,,,fdfff369-5b57-4612-9f89-f5d408f24a35,67c61bd2d7014a971d3aa6573b60db19f7c37283bd98e5d94f64afda11729bac
94,omo-pastor,omo pastor,,,,49e09559-61a6-41ff-811a-272721a7475c,cc9188f49045bd23ed8b74e483f744b657d9d1c8d9b6ce87a733783a0389f1cb
95,obi-container,obi container,,,,4b64cf48-94fa-4aed-8cf2-452974b48ee3,62839430d65be5dee20f01ed75a557a57f31e8cfa37a5972eda1b57df4110034
96,erigga-international,erigga international,,,,3ac39a5e-7b0c-4371-b0c8-7cb4b68aed2c,e51cfb8b708cd9525845ec2880ac23fa9900825998f26e24fdaa2ccfe6566800
97,ayo-web3-bro,ayo web3 bro,,,,c137ec2b-18cd-4c29-a194-af29ac9e6c1c,eca478e9343219777fca3ef1a2e2cbc6dd628d13df097dcce235b3b4e8cb44f3
98,phoebe-queen-bee,phoebe queen bee,,,,1277e9c0-81dc-4747-89df-a9d2ae4fcf96,4de2430d2e23c2f35dee8f9f91cc535ea9352b9fee8d7c3032e0c4355e34bae2
99,rachel-warri-babe,rachel warri babe,,,,19e6af3b-ef2d-46ba-ba05-59fb612ebbee,c235cb98aba5fefedfd30c1663789243e01c39b2d41063df061422d65f925148
100,adun-preacher,adun preacher,,,,cc4dfedf-c343-48db-ad67-e39452ec2380,1ece82e6ff7a584566367a40439529cfc25be5ada2061759e66c84028b318e69
,,,,,,,bad264c25caeced3849778c9e2ffad1892d1ef80aa081dec5b0fc17cb28beb9f
TEAM CHISEL,,,,,,,466acc6270b47987c2128274773dc939c4d1cc1ad4e244fe68a5f769eca33f1e
101,adebola-omo-oba,adebola omo oba,Adebola loves soft life with her fathers wealth,female,,fbf43611-f267-4cba-bf4b-a3ffdc122589,b18addfd9859e845c7d136816e73e5579f1fb6dddbdc51059b8e7ddba5e92197
102,chichi-the-dancer,chichi the dancer,Chichi loves dancing and party,female,,e7c32b06-7022-49b4-bbe5-81e8c1d58583,ec80873e2458c51a994cdb1d78d6963e4fc2a0a7ebebf7527972dee9ef877d21
103,hammed-the-farmer,hammed the farmer,Hammed owns a farm with his family,male,,e57d8985-599e-49da-8d62-fc16b7ac93f2,121fd628bf34416bb5fea164ce2c84ec3fca6b1ded2add0005a69ed486d7e382
104,farida-the-tivlady,farida the tivlady,Farada is a traditional TIv woman,female,,31d3e229-003e-43c8-ba82-38f49cf58ccb,f23700e763b7563becd28607724d6cfe4c71bd731c4951902e78658c545239c1
105,hannah-the-singer,hannah the singer,Hannah loves singing and belongs to choir,female,,281f5bd7-5282-458b-9811-e369980e7dee,20c44ec0ec859f9bb792d330ac317dfedaa0d79febd4f75dd6c9170d78ef95dd
106,nonso-the-igbogirl,nonso the igbogirl,Nonso is an Igbo girl that loves money,female,,5cfa76df-8376-4505-af12-78af24f108d6,5938eefb6fbd15258bba8fca0e9585669ce214d06358312df8be809c4be6711b
107,shade-olori,shade olori,Shade loves soft life and makeup,female,,1a07ca73-d39b-43e9-a0f1-ef9f5e57d3a9,9e4143fa5f5f9758496682cbda07f005bf6c51c27059e0556e5eebd7c38abe9d
108,quadri-the-teacher,quadri the teacher,Quadri is a devoted teacher that teaches mathematics,male,,d96a93e7-17a4-4efe-b09b-02185cc81ce8,b2fffccfbb781f7acc501d023499609c8389f37ecb9460253f49fc0ecf2d90e4
109,Ifeanyi-the-dj,Ifeanyi the dj,Ifeanyi is a music dj that performs at events,male,,030f665d-2cd7-4376-aef5-4030dad9f2d6,3c2ba67193426e961bd6644ce015172d589c4914a266c6ccb56399a48a433ef4
110,fayo-the-yorubademon,fayo the yorubademon,Fayo is a youruba demon that breaks hearts,male,,e270e278-a9b5-408d-b527-d518239a997b,4a4dff8aee35a97ac0897e85e9329125118149495a546c76957376b910a6bd8c
111,nkechi-the-actress,nkechi the actress,Nkechi is an internation actress that acts in hollywood,female,,34b1136d-00b1-4f29-8a03-5b02291d47d5,c98cbac0ec02f558f822744bd5d92247a057e0cc2aac84fd2e024bf5214d5f51
112,hamzat-the-mallam,hamzat the mallam,Hamsat is a mallam that changes money,male,,592eff9f-93b2-4452-a2ed-5d44ebc969db,b6a8f882e9d9af961e83a1554d13f956d01743b4d2e9ed0cdaebef524ede6572
113,nnena-pretty-girl,nnena pretty girl,Nnena is beautiful girl that loves to talk about her beauty,female,,d9477612-ad63-408e-8d12-24679c647b32,ec5648ebb0d25336181fab0e8888a6f22d18aa4ac1b3a2ac633c2987491f57d8
114,tunde-the-boss,tunde the boss,Tunde is a boss that orders her helps around,male,,7635c4ee-04f6-4872-bfc9-37e5a73c8fc6,a5a8586c1189d1f4e8b83a7f52662814ef3a296f65b802a1228cc86892d41d22
115,nnamdi-the-barber,nnamdi the barber,Nnamdi is a baber that does celebrity haircuts,male,,152758f3-9414-45a2-a809-95cb05a3de13,638dcf28a196b55e402be46e0c337574c5b69e103bb85e6c22af6f38fe8b1670
116,amaka-the-hypepriestess,amaka the hypepriestess,Amaka is a very hyper that she hypes in the clubs,female,,c7726e84-3c5c-4e66-8677-cbfb5c9ee850,59d903c3113eceefd1ec08c0edc6fdf3d515b0f6df2b25768b477a7545563d23
117,kemi-foodie,kemi foodie,Kemi loves food but cannot cook,female,,3116cb6f-14c4-4d5a-af57-54253b72a309,46325cc66222dda3a63fb3f0ad84c6b665c6d4fe90dfb08c79bf737c19eafce1
118,ada-the-fashionister,ada the fashionister,Ada loves fashion that she rarely repeats cloths,female,,a14df1c1-7a5a-4a33-8780-0fb01c593da6,51d0edbdc9adb53aef8886e8dc49a49af5ddb57255d5563e981871425694dac7
119,kayode-the-baller,kayode the baller,Kayode loves life and lives it,male,,fe17bfdc-c251-4654-8313-1ab793e11748,e61015e42b0d0f993c4a9127c0dfeeb117d68b0c34bdca732a95888c59ee195c
120,kola-of-lagos,kola of lagos,Kola is the life of the party everywhere he is,male,,df295be1-1509-406e-a263-28a5dee0abca,02b9ec04a6478a6acab88ab4c43f8ab09deb2ab8588870fe57bec5dd76440496
,,,,,,,bad264c25caeced3849778c9e2ffad1892d1ef80aa081dec5b0fc17cb28beb9f
TEAM BRAINBOX,,,,,,,32d0db64934880443d5033c2dcc7825408c233a197caa7d710aece1d47207c73
121,azikiwe-popular-trader,azikiwe popular trader,Azikiwe is a popular trader,Male,"Gold teeth, isiagu attire",7ebde325-8efc-4997-811a-b5686269929e,3703b6a2c4bdd833987c5d1eb39d08b1a0ddc6847a79dda5ba14c6b44ab0b630
122,obasanjo-funny-guy,obasanjo funny guy,Obasanjo is so hilarious ,Male,Ankara attire,c136a120-a339-4080-96ca-1c93845c5848,f7c9c90f929b85b7f5c24f77f819cb4602bdf7b74645821d1d5b1faeb49c4172
123,yakubu-village-chief,yakubu village chief,Yakubu is the village chieftain,Male,Gap tooth ,5b0c0d26-d204-4264-b579-081ff9df935b,62678d63e66838bc1236377a02136eaa08cd7c926ea035c8c985fa553bb46514
124,abacha-loves-smoking,abacha loves smoking,Abacha loves taking pipe,Male,Pleading eyes and a pipe ,8ac6d95f-0cf3-4f54-9cf2-be8834b3004c,d97002e686e51568aac7421ebe2df1447b4f941f05f936636ba4cf39d558d15d
125,johnathan-good-leader,johnathan good leader,A very progressive young man with positivity ,Male,Agbada attire,241e3713-4ce3-48d0-827f-b282ae2db6c4,80b11d49340efb8c5ec9790f04c6ed8ec29100e0510d7cf53ada8d0c865155f7
126,johnathan-genz-kid,johnathan genz kid,"A child of the moment , all fun and cruise ",Male,Hair; high ponk,90c0ae09-a35f-42ad-b93c-dcf30169acd9,74b626251cfe07c3b181a4f07461d5930e091f9e06aec8ec3505c95cb1531375
127,eddy-the-community,eddy the community,Man of the people ,Male,Two teeth and kaftan attire ,5cabf9d9-882b-459e-9253-8c07eb045e2d,fb59845f0255066a6d667e564aca40e8193b9271fcafa852778e3768b140104f
128,olu-the-oba,olu the oba,The oba of Ofuk kingdom ,Male,Pleading face,04c4b28a-aca0-44b1-a064-ed0d9d2a31ca,1ce1ad568aa43a9926055fc5963c786aa6da111faf63cb41cefb56f5d431f949
129,edu-the-biggest-trader,edu the biggest trader,The biggest merchant in west coast ,Male,Blue eyes,48d1de5f-5f3f-46aa-b2fd-68420a8e802b,960a06e37add77c15fd6af5eff607d2933ac03e3221d8227e4d0703b0ffcdff2
130,james-importer-and-exporter,james importer and exporter,Sole importer and exporter of spare parts in Africa ,Male,Blue eyes,22541251-022f-480c-8c1e-cf754dce16d6,12378f318f8634c08a6bff2401b5e1f635abe3bc582c516903c36cd1623dcdaf
131,lanre-the-dreaded-guy,lanre the dreaded guy,The wayward tout,Male,Bandana head scarf,66a054cd-5541-4000-98aa-8f2e9892d880,7858de4daf10aad13f5257b40e061cd5c2098065a55ac96fa5f466fa59bd81ed
132,olamide-the-street-boy,olamide the street boy,Friendly street gang,Male,Gold teeth,d50a35b1-b42e-4e0c-8dd8-9b892b56d371,84b8aa0c793db3a63b07076f35edc9a9f666eda6a3cf71d3c567bdd21dbb9f0a
133,uche-peace-loving-man,uche peace loving man,A man of peace and discipline ,Male,Beard,6c9d6eae-2ea2-468c-a2c8-928aaafc084b,06a31915c418acf174c99e1af47e5114630c6dc18d81e6af768cd247ce9bdb45
134,dave-the-tech-bro,dave the tech bro,Dave the web3 geng,Male,Beard,c0857b11-bf0e-46a4-9108-b8eb93d83e74,000c1cbfb839cb15d5a68ef37be03f19d0fc28b1302f27d71b6513939100aeb9
135,obi-the-biggest-humanitarian,obi the biggest humanitarian,The biggest helper during the pandemic ,Male,Gold teeth,201a408c-7a2e-42d9-a62c-0136c885c211,ec1d3189adc3a35a789a2c259c6073a0144d690860aabe2d4a6e8ddfad969607
136,precious-the-emotional-girl,precious the emotional girl,Soft hearted and sensitive precious ,Female,Brown hair colour ,b6a41ff1-51ce-42f7-9933-85d0a22ced68,bc9fb8d761a19f01e089cd0fa879dfa37994c147eabe8277147ab854bb230516
137,ella-serious-minded,ella serious minded,Ella a dedicated young lady ,Female,Purple hair colour ,04036447-f43e-4bfb-9503-f55c9064b14e,f5d2d7bdc075e1499569932c73f805fc7d69952ae2bd282a409eb0273a31f5d5
138,cynthia-cute-eyes,cynthia cute eyes,Cynthia with a priceless cute eyes,Female,Long hair ,5d12847b-6d71-4691-8337-2e6ef3e283b2,ea057c8191d21409c1f9fbd7401db632abf8957749f2cf3e97252bdd2e2dbf93
139,mary-with-hair,mary with hair,Mary with her beautiful Afro ,Female,Brown hair,98035e8b-6540-4464-8a3c-fdac9f07b168,5f8a1b2305d82e3d062a9698b34e72c7415b0b660d319e53284bd76762c68a1b
140,ada-chewing-bubble-gum,ada chewing bubble gum,Ada always chewing gum,Female,Black hair ,15309dc5-e483-4658-b503-db85ba2c1722,87e111977e59df62b41f8ff232954d449e1ad858bfcf2ba31c8c9ba1412e9c38
,,,,,,,bad264c25caeced3849778c9e2ffad1892d1ef80aa081dec5b0fc17cb28beb9f
TEAM PLUG,,,,,,,93b5462b7541ee60bb8a47a3d2160b0681799d5b6593e00a659fb32f15706ca5
141,viganem-the-drummer-girl,viganem the drummer girl,she loves jumping a fence to play drums after school,female,,5a5a6f5c-39f3-4beb-ab74-60d3c7a90fd4,bfe013410ea51f26d7080a5130048a77b6d59fa9382325043b7087e29892bef2
142,lenusuka-the- big-woman,lenusuka the big woman,The lady that loves spending money and buying everybody asaobi,female,,e564a43a-ef77-487d-a88e-749d20a09fd8,4cb89367d4c17135d6da73683bb9921ecc3b9f72041d5046544538401c458402
143,enepua-the-clout-queen,enepua the clout queen,The lady that travels all day and enjoys snapping food at restaurants,female,,6dc7e452-0626-4f4c-a28c-f5db3532e305,19f208f7085c9143e1df2d1076ca076020a5902266e8e807e148b9c1f22a20a7
144,usifong-queen-of-mushin,usifong queen of mushin,Changes her hair every 2 weeks and cannot finish one pure water,female,,221263d0-8775-49f8-bbf8-4b08b49e1482,be2ac3133f7f1f3758f6e76181242da7f83c6f1b8dd41ac736f3981a6b2c796c
145,akinyim-the-agbaya,akinyim the agbaya,Always playing with small childrens and mostly small girls,male,,c1070dce-48a1-4ae8-b9a4-d070859a8377,b392d4ea4d5a06d423017239560fc77d6835c7525841cc6418cebd7ed8c524a2
146,zawadi-mr-sleep-everywhere,zawadi mr sleep everywhere,Likes sleeping in the weirdest places especially in clubs,male,,c22489fe-574b-47f3-9667-c9c798b2d4df,e6bea765acd3b2d94ba5d3e07ca49ddd11373e6440df578b99d6a4493d5d917a
147,chepkirui-mr-self-love,chepkirui mr self love,Likes taking care of himself and spending on himself,male,,1a91e778-d214-476b-a667-94e9ecb8b5ce,1c45249089f3a2c9c3b3b34882471d68b38b226dca7120364608e9eaa4e7337b
148,naserian-mr-fear-fear,naserian mr fear fear,Has never slept with anyone and can not kill cockroach,male,,8177cf38-8284-4eb4-b19c-04473bcb3b5e,0194079e5665215d68a8c21644faeed1be33d114fa37d3ca350cd7b97675f057
149,wawuda-the-ashawo-of-africa,wawuda the ashawo of africa,Brags about his body count and follows skirt anywhere,male,,0554bf35-f588-4009-aafc-ef875b878c29,43b4bded3c6f5404fc485d27ab917c6f56edc1aa34bc8f1235080d4a2d531ccd
150,kerubo-the-igbo-smoker,kerubo the igbo smoker,Loves only his igbo and is happy when he finds an old blunt,male,,33ba8e73-7949-4bc7-ba27-37ee1d573946,1ce0f7fddcccde27613c922d25a2ed76e93356748aa808216c7d5a6022ffd64d
151,rehema-the- olodo,rehema the olodo,Failed primary 5 eight times and like playing football after school,male,,1fb33783-4898-48cf-8a73-f81afc71e1a8,b53b0a3406e35780c87cc298b862b6ffadbb4d4ecc4b8ef848a986f071240867
152,nekesa-the-brainbox,nekesa the brainbox,A proposed elite who cannot write a simple speech,,,7ba909bd-19a1-454d-a86c-a45e85cb94a6,9ad8644c19ac0af9477c9adeb002ea3f5892b46bef7126b89fdb5a32e7745344
153,kiokoli-the-slowrunner,kiokoli the slowrunner,Always running in every race but never making it to the first 5,,,d7027b6c-ae53-4cce-b80d-67aeb7ceb1ba,6f76a1157e38c85b8b51f82bdef5e923427fcdc868032eb3ee7471c6ed4fda48
154,adjuani-uncle-wire-wire,adjuani uncle wire wire,Mugu money spender that loves spending on women extravagantly,,,36cd959f-d280-41f6-af76-765715c72527,5ef83e0726459b86ca6617c58161072fe017747e989da2c7035d09f18d934800
155,ajobaru-a-serial-killer,ajobaru a serial killer,High end assasin who cannot survive a day without sex,,,9d262f55-73d7-4b95-9a82-42356dbb085c,df15ce46fe4d5d46e25ccceb06764c6e53bf4f1e2621a41048f906f17aac0634
156,effiadem-the-fireman,effiadem the fireman,A retired military general who always loves shooting at sight,,,a4534fe0-b5ed-41ab-af72-1f2d0ff0fc64,8efd681670057c194a30c6173612ee0b388403689adcd96f29efabe8c32fd86f
157,deladem-the-commandoo,deladem the commandoo,The nerd who has watched all war movies but cannot fight a kid,,,88106b92-da30-46ad-a3cc-d528683b9e33,9fc8329089d23184c8c9a90473c9222d4209a94bc5eedce85bb3b51020c0be9c
158,dogbeda-the-monger,dogbeda the monger,A fisherman who pracitically live in the river,,,66a09968-cb92-4378-a588-49947f68c537,c3017db37972ec4a612a3eac3bb7478a32feaeb0c749751394772cb5415994a7
159,enyonyam-our-slay-mama,enyonyam our slay mama,Posts new pictures everyday and can snub for africa,,,5e7c7f9d-d631-4759-9b27-cbaccd33d39f,114c43e4438f422248fbc13a0ec5969f3fde541e4df9cb0fb092cf378f661bf5
160,lumusi-pro-technician,lumusi pro technician,The electrician well known for wiring burnt buildings,,,b07676a6-c611-410d-8426-46c9c525189a,d0dfb265f0fc4d88c9ba423ac88a9077a26a3b41d1f3a7bb85e9a96ffbd508ab
,,,,,,,bad264c25caeced3849778c9e2ffad1892d1ef80aa081dec5b0fc17cb28beb9f
TEAM HEADLIGHT,,,,,,,7133bd599839f98df5254468c58d284cec8d5dc42a3c937337e867ea82124ecd
161,funmi-the-fashionist,funmi the fashionist,funmi enjoys fashion and she always takes opportunity to showcase her wardrobe,Female,,4f9d99a4-78a2-4fdd-bc30-b027600fa88e,913b0f17a72ed62155d042c0df17a0965b450b4de0fbff8a6aa179b3f01a33fc
162,bola-the-funky,bola the funky,Bola is a funky fellow but she has another personality no one knows,Female,,ac721b71-cbc5-425c-851f-ee826973f0b9,eedd277191227581b71349d59272bc7f43ee47f167fcb9c86e454be77ef598e0
163,bimpe-the-runzgirl,bimpe the runzgirl,"be careful with bimpe, she can run you strong thing",Female,,eaa7662f-6926-468a-9add-e791916ae42b,ab6564d6ad105112445267c6bb224a4c47cdfe3c33479609507456168fa1529f
164,sola-the-queen,sola the queen,sola is a princess. she's got the mind of a queen,Female,,d5f23ad3-832a-4d3e-814e-e23f466d18a4,836d5822138ae525f643418809485470d1df019ab5ad7d5f287f6f93eab7e228
165,temi-afro-girl,temi afro girl,"temi is know for her funny haircut. this time, afro is up",Female,,4f9d99a4-78a2-4fdd-bc30-b027600fa88e,bc11d2c34985cad479ef4e8be3b6026b3d0a8d38ff3e9ae840942da3db5e98a0
166,jonny-the-bravo,jonny the bravo,jonny is our local police. he breaks boys free,Male,,2b345988-b4b0-453b-ad39-efe1321bc8f1,8c5a3a54e0b517086276b8d03af8bbcb3e24e8b1cbee823bf889e2e5e20be4da
167,tunde-the-bigman,tunde the bigman,tunde is the big man on the street. flamboyant life style is his identity,Male,,56db423e-8b09-453e-b5fc-61f4da9d7a6f,0d2fe6b399ad44bfccd0e40bc799c10cca0cefd1aab336d89d06e87d5f2d637b
168,joe-the-plain,joe the plain,plain and simple. no one in town is more gentle that broda joe,Male,,7a3083bd-5aa2-48b5-a30b-4445cc060f57,65c29b4d4e5064c2bc51ce29aa364e7c6a014c54c34d4ac796293e4e998b281b
169,wale-sharp-guy,wale sharp guy,wale no de carry last. the thinks and act fast,Male,,44906ea0-901b-4b3d-802f-f73acc8758f6,c28a6e75e81b4bd470360a5e3724046b816c8d298e4853f28b5cfb74592085c7
170,dele-the-snoozer,dele the snoozer,"if sleeping were to be a job. dele will be the world busiest man. set a bed in a fury furnace for dele, he'll sleep.",Male,,4f9d99a4-78a2-4fdd-bc30-b027600fa88e,b41d7ff3fdfb0fe2857425332c483319776fd022e9db27a144b7e72ae29e34b7
171,father -of -tolu,father of tolu,baba tolu is a proud father. he will sell his soul just to see tolu excel in life,Male,,a2651258-ca3f-4940-b095-3a61ff630263,074adfe7d0a7501776605f07e8d36ee5079c828a69d273d7e641349a506c4736
172,emeka-the-chief,emeka the chief,chief emeka is the pillar of the community. just and fair to all. the real mazi,Male,,de25fd63-dafd-4f77-8072-7ac0ae3a3ab2,dc816eb5ef0bc366b2b443c74b7127da3fc8a6c0e62821680bea49cd48775369
173,lawal-the-drooler,lawal the drooler,"lawal has only 2 business, alcoholism and alcoholism. it's only normal for him to drool afterll",Male,,806b640f-1c8b-4cc0-aa10-45f3ddc00140,d5a561a5d46205697e9fb4d2da380cb6a7ce919b93c7a53bc388c154821ba972
174,solo-the-messenger,solo the messenger,"solo is a multitasker. you need anything done in your home, solo is your guy",Male,,44906ea0-901b-4b3d-802f-f73acc8758f6,ac8a63bad4b794ebe455308dc09ebceaa2b08781166fa195f065648cba9185d7
175,femi-the-honorable,femi the honorable,honorable femi is the modern day politician. everything he does is only to further his political career,Male,,af53bf52-b517-4347-adc6-07cf30c19025,230a5d8768e0cbfceb37615dfb05150d23d4f2a4baeb9f17577a23590ce9b719
176,friday-the-bigsboy,friday the bigsboy,friday always live up to his name. every friday is for the party.,Male,,05ec3aae-7da8-4125-93fb-6fc544e5bc61,961ead1ad3172cf853b8ec43aa7212192201149eeae995b51f97590783c70608
177,kweku-the-planter,kweku the planter,kweku says he did it. kweku dey plant Igbo until he was bursted,Male,,af53bf52-b517-4347-adc6-07cf30c19025,4def1d276f10968c25666ddb89d9ea1ecdd04ac9781cbba1a2449ddbd29e28cb
178,2pac-the-remix,2pac the remix,2pac is alive in him. his style is exactly the same. upcoming artist,Male,,9993e5ec-2f31-485c-9c6d-f780c078ae56,8bffe68d998bd11d63b8879d2476ff29c692c547e32d0c38482bd526e148244f
179,tope-the-influencer,tope the influencer,tope is a famous influencer. loved by his followers which keep growing everyday,Female,,3b3e1f66-922b-4f87-8cdb-0d09fc143182,2047b8a4423c064825f4aa0129754d7282ea0d8ec952eccf43cdcc81a5c628fa
180,gabby-the-evangelist,gabby the evangelist,"evangelist Gabby, blending gospel with comedy. he's going places",Male,,ac721b71-cbc5-425c-851f-ee826973f0b9,45150c324932aed76fb2eeed328a4c314985eaef7d3a9992961734bcc94bad75
,,,,,,,bad264c25caeced3849778c9e2ffad1892d1ef80aa081dec5b0fc17cb28beb9f
TEAM CRANKSHAFT,,,,,,,fc97c837b6b2767abc630efb52104f2f2d5c81772d33c87061d2d223f64956a6
181,beauty-of-town,beauty of town,She is the most beautiful in the neighbourhood,Female,,7241a1be-59da-11ed-9b6a-0242ac120002,0ae810198507dea0319cb12e0a3bcb7178e67ce875db75b1eaa7b066182e3275
182,lola-babe,lola babe,Looking hot as always,Female,,7241a664-59da-11ed-9b6a-0242ac120002,569f02eb02e9e6bd789f819d873ab10ef643536b45e4fbff6c602b8412418d87
183,cardy_h-sharp-babe,cardy h sharp babe,Cardy is the sharpest amongst her friends,Female,,7241a7c2-59da-11ed-9b6a-0242ac120002,43b292eef251a832923432b63ce3f3a427c842668ab16825591aad06fc93ae31
184,bella-the-baller,bella the baller,Baller for Life,Female,,7241ad26-59da-11ed-9b6a-0242ac120002,7a14b2ffbbb2782a8d9daf4fc6448d489ef46398fb9dd73284d396bed150c179
185,milly-of-roses,milly of roses,Her lips so red like a rose,Female,,7241af92-59da-11ed-9b6a-0242ac120002,6eab2741ca6a6e7c3b1ed3b2e6b4b00fe123e59402a36824504ba697d69657b4
186,Preciousjada-the-viper,Preciousjada the viper,Her words stings likes a viper,Female,,7241b12c-59da-11ed-9b6a-0242ac120002,104745dd68fda885a111765db359e3cb8e69bc4d97565abbbaf39293cdc42605
187,lolly-of-NY,lolly of NY,Most popular in NY,Female,,7241b2ee-59da-11ed-9b6a-0242ac120002,2ebc2f8028a595fe2059af4aeda2d8600f4b4413a055c51c801e1dfd85ff020c
188,Disy-the-dancer,Disy the dancer,Dances her way into any show,Female,,7241b4c4-59da-11ed-9b6a-0242ac120002,8e75c43d98ce173f90625b59f40ec551aeb7243c6151de981f5bbdcf31176cd9
189,Jenny-the-great,Jenny the great,The greatest of our time,Female,,7241b852-59da-11ed-9b6a-0242ac120002,e21d8c9ed5af9640026f2424bcd1ac7081cbceb804759507944af5b48bfa27d5
190,lolly-the-pop,lolly the pop,Seeing lolly makes me pop,Female,,7241ba00-59da-11ed-9b6a-0242ac120002,544aa46c4fcbc54b16ae67aaf4675232e2d03760f249f2d4d72b0cfeee40d477
191,disy-the-queen,disy the queen,The queen in her own space,Female,,7241bda2-59da-11ed-9b6a-0242ac120002,bc5854cc0d7e0fd7f5f7c245d1ae00ef1cb76ad153a3e3e1dc14539400aad27f
192,JennyP-of-Lagos,JennyP of Lagos,A well known celebrity in Lagos,Female,,7241bf1e-59da-11ed-9b6a-0242ac120002,d5ba62d4a81769692e11314f7de3102b2b026af9db60de62a494cdeafe7aacae
193,Jada-of-life,Jada of life,Her business signature,Female,,7241c202-59da-11ed-9b6a-0242ac120002,9706d8e942f25453df90692babf29c4fb37f504a7b9b5ef1f309cb4012363c0b
194,Sandy-the-rapper,Sandy the rapper,She just loves to rap,Female,,7241c342-59da-11ed-9b6a-0242ac120002,ce522a4d01cbc47ddeb11c7ef87edccd3a1f7f57d77be8b95be989bbda6107e1
195,Dahila-the-genius,Dahila the genius,The genius in the family,Female,,7241c4fa-59da-11ed-9b6a-0242ac120002,37c4935c5fc68539bf6be0f12ad80b02b274cdee54d7ed55dcaec6f6867e1cf4
196,Rosemary-of-Yaba,Rosemary of Yaba,She has a cloth store in Yaba,Female,,7241c61c-59da-11ed-9b6a-0242ac120002,bef53df3e281c22c3d5564819cee905fcbee7b28ff77cd5a60db1a6e81d45ed8
197,Jennifer-of -island,Jennifer of island,She goes on vacation to the island,Female,,7241ca18-59da-11ed-9b6a-0242ac120002,82dd7cd0f7fc68d2c284034e3d0a20c967c4f980318675fe9af79dd2abe13bbd
198,Opeyemi-of-lekki,Opeyemi of lekki,Opeyemi lives in lekki,Female,,7241c8e2-59da-11ed-9b6a-0242ac120002,5bac6f68e67705d3ec2fbcb6de718ab2f5f26eeb39bc9d87d89c742e2ff7c173
199,Vicky-the-artist,Vicky the artist,Brings life into what she draws,Female,,7241cb3a-59da-11ed-9b6a-0242ac120002,8d9f64fd30da861a831727e3b928e76a1995fde6460e0d5a109d7e75bef140ff
200,Afrogirl-sailor,Afrogirl sailor,She loves to sail the ocean,Female,,7241cc66-59da-11ed-9b6a-0242ac120002,d0f4816b9a791222f77405e79a7646f69d92b9603690f069faca178646d711a6
,,,,,,,bad264c25caeced3849778c9e2ffad1892d1ef80aa081dec5b0fc17cb28beb9f
TEAM GEAR,,,,,,,fea6e070a75ef38199e3121ce1e6cb5110163726b572bb68218f0e54426cc35d
201,,,,,,,d7d4690cf37a59cf19087bc8b41021e889ef90e3a1a53b9486c2345dc77b70ed
202,,,,,,,8f1293e0cd61c265afb488caf71c2f2677c8e0f707cbd10c0962f6b8010ceff6
203,,,,,,,4c390cceb4050748428716e1531e4d5ca3776e99236d4f541a29bfc463cb9fdc
204,,,,,,,8e638de9dea54c5e2d5e5e7da329f5c8cf0df938d31757fdeb76b9241e52d467
205,,,,,,,82d0e7f32b9eb14e2a2ba65aa3def5f797e508b4086f89c6cc63276cabcb67f0
206,,,,,,,8cd7e7753a6884e757dbbc44dd8c67dacb008599a50cb4a5ef82074ec25ee8bb
207,,,,,,,ae53319dd94c758645c4a090a8dedc13a815baae07dcbbf9f91005740d445735
208,,,,,,,02251549c14d9b372ef33e3e56d72be510b17dbda4fb47a1a97639f925e18b1b
209,,,,,,,a4b1c0bcfdb7944c5d32d6ff0d24aa4cbae5a981c870a03f5cec61455f335974
210,,,,,,,27eb9dbebc31f5d25adea5e6e0cf23ffce42c27e08590aaefec41a5a7cf528e1
211,,,,,,,f0401b8c92d60e9d0ae17418964a04093e6bf2dc7ff2bbf61c02d5cf0f611d68
212,,,,,,,a92d5b5b215f0d6507e1c39310c07da8f1ff2f7ab7e55344c97cc1d1142adbfe
213,,,,,,,ae83bc883da65f8048ddee80884ce660abf3540f06a88156c96e9b0d460b4166
214,,,,,,,559927e3e94a966de5f8e3aa54580bbdaae82e8699c814c3a933349671753213
215,,,,,,,81e13ddaa3df6307a676c572bac83a8bbaf3b9cd6b3d61d461021408c02f92ae
216,,,,,,,725f1b12d1e7370b3fbb95294de7d2f604158e76e24f65a78b3705c9c01d3f15
217,,,,,,,6d5f9bb71fe4fa991155167dbf0c2010a721e38a64b00c4fbab2863a4e2df57d
218,,,,,,,e7fa4f844edbead0aa09c3c8646fe876c795816a18259d022719d92c6620cd71
219,,,,,,,2653d727c501a50625560ca8a6e13a9d0cc79c645e511a4c256680807332180c
220,,,,,,,2c9b6e8f00e1280c2ffeb8b7cf0c81fd083daf5286ce7460295a13471bf30111
,,,,,,,bad264c25caeced3849778c9e2ffad1892d1ef80aa081dec5b0fc17cb28beb9f
TEAM TAPE,,,,,,,8af35ec0b4fe628cadc03fd7a2655b78d5605d4054e637895f3c8a8aa003bf5e
221,hng-newbie,hng newbie,A confused hng participant that cannot understand her project,Female,,0ddbd22c-b3bb-4c72-9f51-0361480bbfa7,144d6ecb38ffe6712f6862bfc2eb84d9d38500c32ba40492814e4df67b099a31
222,nene-caroline,nene caroline,A housewife that loves taking care of her family,Female,,4ce5bcf3-d4ed-4277-8187-cb1797c1ac7e,8dfb6798588b9ad3779dfa2e57f90241dcebd7aab6a48f79e95af31d857c9da8
223,wazo-partystopper,wazo partystopper,A Nigerian aunty that loves to attend owambe parties,Female,,77237cce-bae0-4d60-adad-27055f0eed39,ecc4d8b5128b7877fa662c5f57c073df6d44682ae93a2e6af25011a16217bda4
224,melanin-janet,melanin janet,A young lady with a soft personality,Female,,a5a2854e-a850-4b15-b3c3-176a79b2d34b,c059250e8fcac6d5df9072f6576f22c6b83b0488b323a90bde00a42dbcd5497e
225,leo-sugarmummy,leo sugarmummy,A middle age wild yankee returnee,Female,,7ec03993-f500-4a41-aa3c-a73df7a0fbed,debd2a219cf623f12d56dcd78ca8b0583e87985e2c97b3bd641ea35befce7076
226,novice-joane,novice joane,A princess worried about finding true love,Female,,a5d49163-41b1-43fe-ad7f-0c78ef530b1a,aced42f5008a0bc133e6c4e473af9263866f4b81f434b6ac68fb155fb6146fb9
227,goofy-simbi,goofy simbi,An eccentric teenager that loves music,Female,,df7dc588-f99c-4592-84f6-08b40047d9d1,6dfc7a2f21c83a65e6ae43427484582c0ddd4ce671499fdc5f4c43bb52b60ff1
228,akwaaba-ghana,akwaaba ghana,A depressed gothic introvert,Female,,d1e8b38b-994b-487c-890b-9034d3ab7dcb,fb175f9cedea11cbb2d87c03a09616fcac25c9ec3b8e39f2f9ab935fb1b08a0c
229,aunty-toyin,aunty toyin,An oversabi family member,Female,,1326ef4b-224a-497e-9452-e63a4486e387,6be6c927618861ecf6289a8e09da7d703b2d871eb37710218440b72062946860
230,pretty-hauwa,pretty hauwa,A young bride involved in an early marriage,Female,,7c771f82-a512-403c-91b9-6736318a8796,6ef2f41d270728b906820a4b77e5bb2422eba92123d06d2549de569c00fd9b0b
231,chimamanda-enugu,chimamanda enugu,a young lady born during the war,Female,,eaad5c98-3f85-4480-9c4e-b73340cfba4f,ffe67680c8a584f3c328574dade179c70cbf312cba299e87567ab9ac1a8770f2
232,kente-solape,kente solape,a respectful and diligent princess,Female,,613ce65c-4b16-43f8-a0d9-b5ea8c5f2195,832a8cb4fdaae1589d9d9d8721f45ed57d4c24182c009905e84e84055f08da88
233,vamp-karishika,vamp karishika,Queen of the darkness,Female,,c4ee8a54-0874-4a7f-8344-dea8ba41f5dc,da4330eed3539a107f3fbc990c47f3e0dd3de85ac5dbd8263b015801bc9db078
234,genz-monique,genz monique,A sassy lady with her own vibe,Female,,b5328f13-b918-4e76-8d4c-8b4aec5eb5fe,a0cd07b660957c203f976e90623f6ced0beca3a80eb7a7358ff3e1eaad1aade5
235,femi-boltz,femi boltz,A driver hustling his way through life,Male,,03e8d36d-5bdc-4da4-8f64-c1738eb9d1db,1fa7a09079346d741ff0c58322687247529321da4e9e15afd102f4abc31def1b
236,agba-tech,agba tech,A tech bro that loves to party but has bad communication skill,Male,,403f28a0-6aa7-4f80-997f-b0982c169baa,9298c18623dfd0fb77ad7964e9a6174865fbe93ad727698aa6f7e9188d8338cc
237,brian-richkid,brian richkid,A trust fund baby that does not know how to manage money,Male,,9d945d79-dd2d-4755-b9c7-bff837be8557,dd58ff595e4a22975b8b1eede7b0f82818a04e8f9071a7233dbedba86319da7c
238,nandi-zulu,nandi zulu,A fierce African Queen,Female,,09702bc0-d10c-48d3-a1e9-2aaa4e9f3f39,7631cfce3f4edfd983378e5bf03a78496453177fff5f72c368f7b992c1f9680e
239,ade-demon,ade demon,A lekki playboy that makes money from crypto,Male,,0be2d50b-3e57-4e39-a199-b211d2be860c,33ef26cf3c22a72865020b08c747d57cceb4cd51e61d3355eeaa43875542526f
240,karim-rapper,karim rapper,A young and proud Lagos rapper,Male,,169b58f8-b84a-4ab3-a4b6-d1c5b36aa1d3,13a0da4a05bee0bbec36aa02a328998809ce776a99d0a9dea0271de4b53f0cae
,,,,,,,bad264c25caeced3849778c9e2ffad1892d1ef80aa081dec5b0fc17cb28beb9f
TEAM AXLE,,,,,,,168436e110f29bee7d9564abcc638f420d8d539966a20544142d82c7354aa60b
241,bobo-alinco,bobo alinco,Alinco always in the mood for play,male,hair colour: dark brown,ede853c4-5abd-11ed-9b6a-0242ac120002,1e0fe4643d35a8cb14f39b2bb231b2d81701ff4360b7a298c47a0588efeca40d
242,chi-lastborn,chi lastborn,"Baby of the house, the lastborn of an average Nigerian family",female,,ede85964-5abd-11ed-9b6a-0242ac120002,c668601324f5a00aae96e499814de869400e956dc8c51dda1f18c5d9bbc0fa0e
243,uju-robo-robo,uju robo robo,An aso-oke business woman at balogun market,female,"accessories: ankara beret,",ede85f90-5abd-11ed-9b6a-0242ac120002,7c09cc083024b0dfc5ce865de48759ac254562e574931b0746fd7f6dbd6a3fe4
244,yetunde-anifowose,yetunde anifowose,Old money lady who was in UK before UK was UK,female,"accessories: tobaco pipe,",ede861b6-5abd-11ed-9b6a-0242ac120002,759cd2cd639f0bafaf213df8bdc246ab3c29572b4a704ca0914da9ce2d994877
245,dumebi-jjc,dumebi jjc,Innocent 100 level girl wey never spoil,female,,ede865da-5abd-11ed-9b6a-0242ac120002,ea2f72ee16e555869b207a46a69ebe148289cc451327f92cd66e0beda7149bae
246,ukwu-nengi,ukwu nengi,Well endowed woman who will always make heads turn,female,,ede86800-5abd-11ed-9b6a-0242ac120002,ff6b0ef02d0554539c1e0f3cee43a81fa7b75ca94bd779cceb63e32d41777cbf
247,nonso-malay,nonso malay,"Man on the move. It is either ego, or money my bloder",male,,ede86a12-5abd-11ed-9b6a-0242ac120002,f5aa63f990397532672b5a6458580ee0dd26d6baf1c7a0c37b340be0aa63be98
248,saro-texaco,saro texaco,An oil tycoon who dominates,male,accessories: cap,ede86c2e-5abd-11ed-9b6a-0242ac120002,f7dcbbc74d048be557d42d9c71b05d88a4e97d9742d5ca50e53d4b2c4ae294f9
249,akpos-agbero,akpos agbero,A Warri boy always in the mood for violence,male,accessories: cap,ede86e22-5abd-11ed-9b6a-0242ac120002,707fe6fe1c7bf61753473242378912bb85d88437d9b1b9cda702954797eda1d4
250,kasali-danfo,kasali danfo,A danfo driver popular for his positive outlook of life,male,accessories: cap,ede86fbc-5abd-11ed-9b6a-0242ac120002,11e607e56efcbeae413d111bf2a2ed568a1b5e83e3e41b8a0018949911c8726e
251,osaz-benz,osaz benz,an Internet fraudster who hails from Edo state,male,teeth: gold,ede87fca-5abd-11ed-9b6a-0242ac120002,168eb3c29201420cd8975cd655d8485c1f41b1a7c44cdb0a3571d0773cea79c7
252,kareem-kasanova,kareem kasanova,Abuja big boy who knows he can get any lady he wants,male,accessories : cap,ede8820e-5abd-11ed-9b6a-0242ac120002,fb00031cdf2bd8eb94dae0503fa5a46cb09a1eb468d12aa31fff68d9fa1c2b91
253,mayor-of-uyo,mayor of uyo,Essien is a top Lagos businessman who hails from Uyo,male,accessories: cap,ede883c6-5abd-11ed-9b6a-0242ac120002,8c2c5e6d58c85049b470c3f53ef61c5063d02d07c82eade01b11dcd69b55ee9b
254,chinedu-china,chinedu china,An Nnewi blooded spareparts importer and exporter with goods from china,male,accessories: cap,ede885f6-5abd-11ed-9b6a-0242ac120002,027c5fc63c2f7a4f84b40accafa4867c46b141f4f088664a61b2d215827b6c42
255,papa-ekene,papa ekene,The oldest man of the Akwauzu clan,male,accessories: cap,ede88808-5abd-11ed-9b6a-0242ac120002,b3531cf38ccd824e2d52fec84d5b6cdffbc21dee406f3be08b6ab5c839216e06
256,ogbeni-rauf,ogbeni rauf,Minister of enjoyment for Freedom state,male,"teeth: gold, accessories: cap",ede889fc-5abd-11ed-9b6a-0242ac120002,76c81c9f5965b24d0b30beece1b8a1c2d1b918dbebaa3caca83c65ba8aec59de
257,koffi-banku,koffi banku,E be Charlie wey no dey use en stomach play,male,,ede88c2c-5abd-11ed-9b6a-0242ac120002,739f0633b1182578e7f220c2332f6d755f91cb8e61164d6e84af8a614748f7ed
258,alhaji-bello,alhaji bello,Rich hausa business mongul controlling half of cow production in Nigeria,male,teeth: gold accessories: cap,ede88efc-5abd-11ed-9b6a-0242ac120002,35fc64fe1de85e8d377602bd594b695d03468145c7966f3ff284b2b7176bb6e3
259,toju-mafejopami,toju mafejopami,Toju is a street hustler wey no like stress,male,"teeth: gold, accessories: cap",ede895d2-5abd-11ed-9b6a-0242ac120002,9de9e710b57cf07de4dbee30e683bade4d8727e42633683ff42e36dc400dc04f
260,femi-maserati,femi maserati,"Rich kid who resides in lekki, known by everybody because he drives a Maserati",male,accessories: cap,ede89802-5abd-11ed-9b6a-0242ac120002,5ce0aeb331e1bf5941b35216efb8eff7bbadd3d5ef44fe73eaf1454590e96457
,,,,,,,bad264c25caeced3849778c9e2ffad1892d1ef80aa081dec5b0fc17cb28beb9f
TEAM POWERDRILL,,,,,,,5a6afd4c08b97915395679aadd46bd0d1ffe4019773ce54adce99a356e57acc8
261,Paul-the-comedian,Paul the comedian,Paul trying hard to make everyone laugh so hard and fall off the chair,Male,"hair:bald, strengths: calculative, weakness: public speaking",f8112915-64ca-41e5-9ca4-5b60c47d7a01,a260662f3e343b482c31e3e586aaa1d6a120cf9d051b306218500acf74150667
262,Amina-lagos-housewife,Amina lagos housewife,Amina is always showing the rich housewife vibes,Female,"Cap, Eye glasses, face mask, none",5612f542-d85e-4a2c-8661-20553dfd07bf,30503b7af684b3739841d36e0697a71baf8ccc5b76b50d1e4c7d53f20cf4c59a
263,Kiekie-the-asoebibella,Kiekie the asoebibella,Kiekie is classfied as the life of the party,Female,,097014d5-0ef3-46f5-9a9b-5c01f70114b3,30bf3820987f9cee6d16fdfc58547e5381440924be3d2eddccd30e6552582988
264,Kunle-the-hunter,Kunle the hunter,Kunle goes for the best and hits all his targets at bull's eye,Male,,b0310fc2-4bed-48e5-abfc-566c964786d7,b3cb76f5425c81428a3a2bab439538cd487655482710fdb976cddca2eee0c2a1
265,Amara-the-hairstylist,Amara the hairstylist,Amara is truly your one stop shop for all your hair & beauty needs.,Female,,412345b9-7e04-4102-af7c-5458721ac64d,8adc8ddf16c9b6897273ac1b910b98ce90d03c8e3cab9b2c0c9ed8108800fefb
266,Mary-nail-technician,Mary nail technician,Mary makes magic with her press-on nails,Female,,17ea9c3b-c90f-4023-84d6-d563c098b030,574ab24e2713153889fd055fd1b4d8fadce6f14f4e6d6461fbaf44dbc3ef5bd4
267,Odogwu-oil-contractor,Odogwu oil contractor,"From Malaysia to Kaduna, Odogwu's oil is known.",Male,,b503bbfb-f972-4d4a-9352-e9dfe6671d36,114b08aa377369a3488d9e59a2322ddf85c513c94e90b44b1771e036daff2683
268,Simisola-the-kenteprincess,Simisola the kenteprincess,Simisola rocks kente even in swim outfits,Female,,45843017-b421-4413-8e35-7a6ef073f2b9,7fbd7c8788431fc18bac505b496315ae3a6ed1e664b33483cf2baa4dd05668f5
269,Mariam-beauty-queen,Mariam beauty queen,Beauty is a fairy tale where Mariam appears.,Female,,b7d96d97-84c2-485f-b60e-e4e86c4d3b34,fec4e73996f0e5dcf6253d3ed9cf8c87796a9aec747c92951993de9fb2786a5c
270,Obinna-the-musician,Obinna the musician,Obinna might never be an a-list artist,Male,,afdb0299-327c-46b2-9262-faf90f0fcd12,a505cd64235078d386a8ada6c649ab29ed531b54302511a09de94effc06920ae
271,Sandra-the-shybaby,Sandra the shybaby,Sandra is too shy at parties,Female,,bfed40a8-74f7-4ada-ae18-975130247efa,111799e998bcca28a31729c27887a7100b49e3dc77c68712970f66b1c44aad17
272,Chiamaka-the-dancer,Chiamaka the dancer,Chiamaka dances so well and earned the Guinness world record.,Female,,43c49497-8d7b-42ef-bb29-769f6c3b0ada,2adafcb98b2b48de0c30f2dda3af03cfcdd3a6fb837c7f5e5c30ce322dd72ae8
273,Mensah-fashion-icon,Mensah fashion icon,Mensah outfits are always giving us Christopher Hemsworth vibes.,Male,,87ada09b-38ac-475c-8d46-18680c2dc795,bd85f0fca38de73455c65b00d2aff5ff4bbbeae715849409c7b174aff5a862fb
274,Lucy-the-fumigator,Lucy the fumigator,Lucy is nicknamed the pest hilter,Female,,c7269d44-aab3-41e7-a54f-18a14f575a6b,50498537fd14a6e25b9b9bd1c49b4e87ae9213326d64ebf25fb3e08b40168566
275,Nneka-wedding-planner,Nneka wedding planner,Nneka plans the best weddings with great details.,Female,,31ac6b7a-e378-4dc3-999d-b9e8d8473f99,4ade11b07a86c3c081280df06656a7186647d61a4984c7bef75e834aeabe2620
276,Shakira-the-gangster,Shakira the gangster,Shakira is the most feared criminal.,Female,,dbdc1351-aa07-46e2-935f-2db071b1b23d,f370b79c593c28f64fafb9dab9697d263fcad5d7e98f505eeff2290210b88600
277,Lola-afropopping-princess,Lola afropopping princess,Lola licks lollipops like an afropop queen,Female,,2f5cadae-e423-4478-8220-37b3ac144169,d7b822436256f2c1a186c18480059022a252bd6b0e30e4f027a4072a9a3596f7
278,Sharon-walking-dead,Sharon walking dead,When tired Sharon walks like the dead,Female,,1fc37341-7dd1-480c-a01b-a63bee0a2230,c1e4c0e9b0cbeeb57118cf03030daedc0fc8caeb2a66b44859a873e87f79e0aa
279,Olivia-great-teacher,Olivia great teacher,Students enjoys Olivia's classes,Female,,cfc4419e-bd46-40f6-9654-632ac1138ff1,702c83b238d230f2546366780c39ca19591797e59d65d56eedeb164e5fcd2d3a
280,Nicole-sleep-warrior,Nicole sleep warrior,"Nicole holds the sleep award in our community, she wouldn't wake up at the sound of a detonated nuclear bomb.",Female,,710ae821-4603-4124-bd60-a33b515b3b8d,66a7369f8f21df4952ef669fc9a5bd896b84f97d6886ba31a741212a6832092c
,,,,,,,bad264c25caeced3849778c9e2ffad1892d1ef80aa081dec5b0fc17cb28beb9f
TEAM HYDRAULICS,,,,,,,c0c77c7a31e30f456bf13948152e2b50584fe87e49330fda593094caf87b3bc4
281,Busola-the-shakara,Busola the shakara,She is a fashion icon that loves luxurious items.,Female,,ec4a855a-5ceb-4f1b-bbd7-a995aa45e875,38be45bfa3dafd70705ef74963543833cc099c4518aa1913c5e0cb97af557b4a
282,Bella-the-artist,Bella the artist,A lady that host a fashion week show,Female,,48772412-dacb-4984-9e82-8d24fe101265,9ad32b4d75a1f684002caa68c0709cd331a05631f6dd7a83b46fba7e90409cc4
283,Queen-the-extrovert,Queen the extrovert,A woman who enjoys being high all the time,Female,,1712532a-20d9-4ccb-8582-bffd76c9fb67,bbbe488b49c2bbf1ad7e3c9d60dbe30c1bc3bf40fb5a647c539338b153e29fd5
284,Mary-toxic-lady,Mary toxic lady,A lady who's toxic around people,Female,,bc31af8d-c45d-4797-adfc-596fb22e4e3a,d4c2986c387869170d426b75ce4d206e8c4c356976f383f7cc1d6e872f84b7d5
285,Elizabeth-the-richkid,Elizabeth the richkid,A university undergraduate from a rich background,Male,,21fad782-1b6f-4c2d-b157-9fdb9355c876,bf06799c64edc742883127d501fd08dc1bba68d7b3923ec36daa038cf6d3d8a6
286,Larry-the-westerner,Larry the westerner,A Yoruba Man who smokes his pipe in peace,Male,,d4984fa6-dabf-409f-839f-76742ec71500,5e8d6ce968fa3b70db26b0768bbf39e2ad666cd205831b327a98049b9ddd02f1
287,Danjuma-the-shocked,Danjuma the shocked,A pensioneer who got told his bank is on distress,Male,,0187ca7f-f3b1-42ae-9e17-c46d58617608,b70aa3d0a096628592d9b775c496f949f26528b35b72c9373436138a010ef4ea
288,Yomi-the-fashionista,Yomi the fashionista,Winner of the Lagos GT Bank fashion week.,Male,,16d256ba-dc4e-4559-ae41-59779f351ad3,6e4bae04f76a03d924f0afd6a2636c46f53d705e779d42955392cad3ac0d631e
289,Ibu-the-importer,Ibu the importer,A rich igbo trader who imports goods in onitsha market,Male,,d3edc876-3f2f-4699-a376-0787bb06c5d5,26cbbae2a0fc67a45d1f2e959a771490acdbb6bce3e0733a9b60c2c7976520f9
290,Massa-the-ghanian,Massa the ghanian,A rich Ghanian trader.,Male,,9a9a5fbd-7a3c-469c-95f2-50303c2e9fc8,4720f1d87120d36e7cd9213162a51722b5928f030b2e64a9667dca8f889e9798
291,James-the-musician,James the musician,A yoruba juju artist,Male,,0d4ad447-3836-47cd-8387-066b200cda01,355aca75cbe6361c40d907533be76eae546f8a98e5f3b831fa52b5611f262b31
292,Gbenga-titled-man,Gbenga titled man,A yoruba chief who is also a car dealer,Male,,dc6c1a39-ec78-44ca-8296-68c6de7b5de4,75e82795bf1a8dcf7f0e51c7d0665c9c040b6282fd9d4ec7f1bcf962fe3e1144
293,Abaga-the-rapper,Abaga the rapper,A flashy millionaire and a music rapper,Male,,c428411c-5a06-4b74-bd17-e53b76f9fc6c,f52079410946b48b3213dcb1d72e6b1f042fa0bae98d182b8f9974ebe2985695
294,Izuchukwu-the-fisherman,Izuchukwu the fisherman,A fisherman who knows how to paddle well,Male,,15e1caf2-06b3-45d8-9b35-f95965b64e34,3ca3761d1ce300b60fb80afec161c8c60b8f757bae244723f3473674ca4c2fbe
295,Mark-the-philanthropist,Mark the philanthropist,A London based philantropist.,Male,,b48cbd98-96c2-4ec4-9d17-2c798be5b90f,a8092e72d05b8037620d7ffa758472488d4e7d9ffa8029676a5834e9fd25c927
296,Desmond-the-politician,Desmond the politician,A young politician who just became a minister,Male,,c52d4fbb-622b-4e2b-85a9-1a1d0f3d97d6,1e4693bed8b48afce1189b4abee17b8d4e13fca45baf4643fb1f4a066fec2763
297,Okoro-the-bachelor,Okoro the bachelor,A local palm wine tapper with hopes and dreams,Male,,e441439d-49a3-41eb-bf9d-3c7f98c268bf,b143158ab6b59c721da8e5d6e283d9bffaea54d3b865060b96437af3629a5a15
298,Saro-the-clothemaker,Saro the clothemaker,The yoruba man that stole the king's wife.,Male,,7e10af4e-1252-4f96-83a8-78411e152bae,b36e99e907f30247146ebe79dd8b9036dfd2dbb647eee0e676eddb5663dfb1bb
299,Kalu-the-ichie,Kalu the ichie,A man of wealth with afluence spreading all over the east,Male,,482ab247-73a4-4ff8-9172-732f3d0729b8,e6aa37c71f9b479c37681ad20d401f0ff268a0f0db2d555610474591f9310dd1
300,Tamuno-the-prince,Tamuno the prince,An Ijaw prince who is also the heir to the throne,Male,,108447d1-f2d5-4816-8ebb-599286c3fabf,61fd45e9d34a81bd66ed59af991a1c273e35c20f67f01d583eb43849267e2d8a
,,,,,,,bad264c25caeced3849778c9e2ffad1892d1ef80aa081dec5b0fc17cb28beb9f
TEAM SCALE,,,,,,,25cfe755d87971a66f56dfabf1da19c59e3634cb5c5572b96a884698cb310418
301,wendy-the -banker,wendy the  banker,"Wendy loves working in the bank, as she gets to meet different people.",Female,,587645e2-5ace-11ed-9b6a-0242ac120002,8274abb94de034c903bb7236d85c8bda53f3847b7f3f1500758077a730663282
302,uduak-the -dark horse,uduak the dark horse,Uduak looks innocent and has the whole apartment bugged,Female,,58764862-5ace-11ed-9b6a-0242ac120002,5eacef0f9c8bfe54ef6fde22ee38d20ae4748dada130eefdc127086c1701448e
303,timeyin-the -eccentic,timeyin the eccentic,Timeyin is as eccentric as they come with no care for others opinions,Female,,58764a2e-5ace-11ed-9b6a-0242ac120002,0c07d13c7d8d461d0cbca3aec2403de1de9917d94903854202d5be133b4d23df
304,omawunmi-the -businesswoman,omawunmi the businesswoman,Omawunmi is a no-nonsense woman with a shop in idumota,Female,,58764b78-5ace-11ed-9b6a-0242ac120002,3e8541901ba5f65fe819911f8c25fa1030641c2c0802d6f5497d3ddbc83c64cc
305,halima-the-housewife,halima the housewife,Halima loves to bake and cook for her children,Female,,58764d8a-5ace-11ed-9b6a-0242ac120002,57cb7afb253f02dadef55144d8a468cc0a6fbb9fe6dcd11029d03f844a460788
306,muna-the -block sister,muna the block sister,Muna loves to tell everyone in the block about her younger escapades,Female,,58764ea2-5ace-11ed-9b6a-0242ac120002,83abed97e0591365942093648c462c8ac1af56974fd5b6c2ad1cb0b9de734fa8
307,stella-the -gossip,stella the gossip,Nobody gossips on the block like stella when smoking.,Female,,58764fd8-5ace-11ed-9b6a-0242ac120002,a4a3bb2f71ea7387eb6022b7dd5c17b0ca817931aec8b03c3c269f4b540ce9d5
308,agbani-the-wannabe,agbani the wannabe,Agbani loves to shop antique ndecorations for her mansion in idi-iroko,Female,,5876542e-5ace-11ed-9b6a-0242ac120002,458dcb30ff5f86d5f07ff76093b7b4761cf89a85a8191e6796b9617856b7fda8
309,asante-the -warrior,asante the warrior,Asante came from along line of warriors in Ghana,Female,,58765578-5ace-11ed-9b6a-0242ac120002,dd8452b41afc2251f6ceaf2ce3c504d29282f3db8623a30160471cb90a6cec2f
310,hilda-the -insomaniac,hilda the insomaniac,Hilda prefers to sleep during the day,Female,,5876569a-5ace-11ed-9b6a-0242ac120002,0d9865e97a462f90bfb4a778b9809ad9873d031e1332bdeb9c788ed0751e1be1
311,sisi yemi-the -street aunty,sisi yemi the street aunty,Sisi Yemi is everyone's favourite street aunty.,Female,,587657a8-5ace-11ed-9b6a-0242ac120002,8deaf1590f9021c047e5fd2d6845502a096c1a66cca241794bbc72c58557047d
312,chiamaka-the -bully,chiamaka the bully,Chiamaka hates people in her business and likes to scare the kids on the block,Female,,587658ca-5ace-11ed-9b6a-0242ac120002,967de9926d22a8b0481d5a3c7eb17dc80bbb0330144ba10f86bcff47152fd89f
313,gift-the-fashionista,gift the fashionista,Gift has always been bold and that spreads to her fashion sense too.,Female,,58765adc-5ace-11ed-9b6a-0242ac120002,06b33f6eeb3172b7d0cf6ce0305c9ec9cfc08ca700a89845017801ad4add32c6
314,omoyene-the-weirdo,omoyene the weirdo,Omoyene likes to murmur to herself and talks about seeing ghosts,Female,,58765bea-5ace-11ed-9b6a-0242ac120002,38996cb1e02335f144156d0698ccf1889654115ab2056f361d9b69fb5561124a
315,maria-the -freshface,maria the freshface,Maria likes to believe the world is sunshine and rainbows while blowing gum,Female,,58765d02-5ace-11ed-9b6a-0242ac120002,f7c3da1c9f85dce63a496dc2593935b9533b7aa9b0f9b1a99a93053125f84392
316,monica-the -smoker,monica the smoker,Monica is never found without a pipe and loves to interject in every conversation,Female,,58765e24-5ace-11ed-9b6a-0242ac120002,6da4f20acd15137fceb711cee83bb5580e02421a2b5f099c86ba497e79d63f83
317,,,,,,,696e2ae464ccd5abd7feb2d5f5167ded50434724b95206eb054e9b0e887c0ba1
318,,,,,,,c15efb888ea3161e01b5fca6dfb21b8f7632476c26f90283d135f9d909d979dc
319,,,,,,,7824d78e20e6630e784f33db17a3972d85d57c0e4538ed3d27064170d7d1f94b
320,,,,,,,6f7aa628c57ecd777835681b47897946140b5559ff838ac33c993dc22e7bb803
,,,,,,,bad264c25caeced3849778c9e2ffad1892d1ef80aa081dec5b0fc17cb28beb9f
TEAM SANDPAPER,,,,,,,838dcc9ab6082906dbf260b433395026d1b0da3741ad53ce1baafaf847cdfc0a
321,Omunyinyi-the-stoic,omunyinyi the stoic,omunyinyi wears a Kitenge coat,male,,c2d6a3ac-1d4d-4268-ba7f-4f0f8f50c1ab,4ed121fd0b9e8a8185e9645d5101a833c1240f859cb5ee37ae96f696ab250864
322,Kamau-the-sleeper,kamau the sleeper,closed eyes meditating,male,,20330f5c-40c2-4f6a-b9d8-d1d04fb97daf,7c4d2f6e5625bcccbbb13aca6f33139285c4c59b7bf2e9155577e3703eb57122
323,Mutiso-the-lastborn,mutiso the lastborn,masked up mutiso dozing off,male,,0706c338-42eb-4d26-84ea-c24b39628200,27a0745722f0cc51d0e7d1f3c00c8d79ada1b923214eac3a96829650c0332b19
324,Omondi-the-vegeterian,omondi the vegeterian,omondi wears a green coat,male,,bfb5e8d5-d7a7-4aa8-85e8-d7d9afd4adb3,e74c359bdd950eca4f1aa2153fe6bab95c5923b1eb8747aabe293416f1b663db
325,Barasa-the-optimist,barasa the optimist,looks up to the sky and makes a wish,male,,2da4bef4-38cc-4414-99ad-7361fac04b2b,59f01785284a30da35b59f1f034cb81979e2f217e9c3edf0d061da02aaf32c07
326,Mwembu-the-elder,mwembu the elder,"old but not so old, with yellow his favorite color",male,,36181230-6ac9-417f-af5c-23bdd2c25ecb,8662e3fe3163693b5943344287aca50e3bddfcb7d4154c60c339cfc09129b3ad
327,Mbogi-the-fighter,mbogi the fighter,masked up mbogi after capture,male,,3a7bc3c4-1463-42ce-84c9-07337da64435,d48ee2dc72649e66e0404a60e482206dcea9d575acdc656cc7efdce9a08fae1f
328,Mrosho-the-runner,mrosho the runner,masked up mrosho,male,,b2ca2c76-3b6d-43f1-8cc9-089b6ab83876,3acb07aadd023ac37bd88039845d4555448d092578c6a8b932bd5a02c57ba23a
329,Milele-the-african,milele the african,milele with a nice african print in orange,male,,644b0259-d75c-456d-934c-ce7c052bad3a,7a893f17907010cbc1cd0f7181abf0d4209f33cf62a998fb065e4ed8960ff7bc
330,Olebon-the-oloibon,olebon the oloibon,olebon in customized buba sokoto,male,,de261efe-731d-461e-b2e4-42edd2f48f72,347e2209cb7690d5cca4d13d44d59924115ee5855bec0d3316b9561b558e6700
331,Chifu-the-maasai,chifu the maasai,clothing inspired by maasai shuka,male,,239933c4-7177-4b5b-86e8-e6f952301344,5f125a04f77f63fe360bfa374afd30c932473f1a1d01935ba47ee6ecd5357f4c
332,Mwangaa-the-voice,mwangaa the voice,mwangaa the chief,male,,49179b62-812d-4d0f-b518-4af7fa79f8bc,bb79486f6ebbb7d0578491773e71f03e41d5a52c808a7b898bfea4cf09894d6c
333,Waforte-the-first,waforte the first,masked up man who does sleep a lot,male,,871912a8-d96e-4594-b7b3-450d94ee6924,da70ac691393b76fa37a726ff303a03ecdc81bf90bd20fe0d3d607859180947d
334,Kariuki-the-prayerful-one,kariuki the prayerful one,kariuki closes his eyes,male,,6a5b6fa6-0f91-4b01-957f-c766945eb704,4a0471574a250f0e1d9f53949efdf81df6d7f092eba9465ea54f30653543d5b1
335,Kenyanese-the-priest,kenyanese the priest,masked up man with with white cloth,male,,0706c338-42eb-4d26-84ea-c24b39628200,918808e911323207b9085f7aec1b3f7b4f15ab4fcd60c2cdec8d699c2aa71bae
336,Nyimbo-the-singer,nyimbo the singer,glasses and a pot for the night,female,,d05af807-b3e9-4ad3-8df1-b7864d2daa33,0cd5a3e20bdce1563a2b7744bd1ad1694695efe89498ac633dcf9fd5658a962f
337,maathai-the-nobel-winner,maathai the nobel winner,mathaai the warrior,female,,0871cb8c-8d56-445d-92c7-01793f327707,03465933b67ad3643dcecbb7389cfc130911d473124484240f57baed80aff66e
338,Tish-the-angry-one,tish the angry one,angry tish with specs on,female,,750a89dc-44ff-43bf-8211-b7776f1b5e52,8dded6449997aef12959de3a326f2583347e209caf3952c55e1348d7fd67d8f6
339,Wamenza-the-winner,wamenza the winner,wamenza the leader,female,,7348c9ed-4ac9-4785-9434-0a1f0dcaf8d8,eb1fe36aa4b6f80ad1496b47189a31db8c37f44a4ae0a03566e932cf3bb941cd
340,Isaya-the-track-king,isaya the track king,isaya the traveller,male,,41781a16-d2b8-4fc6-a1f4-b9fffc5c95ba,6f007f9379c54678fde05a4c2909f385538e1d16a145bf170d2a8f1736c25306
,,,,,,,bad264c25caeced3849778c9e2ffad1892d1ef80aa081dec5b0fc17cb28beb9f
TEAM RULER,,,,,,,cd1ddaed7c6e80072ff02b2a6af5ec132da5f49b8ebb24ff6800d7bf4364ae97
341,mansur-the-partyrider,mansur the partyrider,Mansur is the life of a party and never caught dulling.,male,,78db0f29-3936-4d9c-bb90-3dbf20dba2dd,4b7f91dbdc5565cfda7208f1380ab6157f6606010526eee2aa191f314a4eb7c4
342,tola-the-businessman,tola the businessman,Tola loves business and owns several shops in idumota,female,,1c5d5a6b-cf04-4bf9-978e-22a7e9bc5819,de7bf65e15fad70306bc42c90ef5f93685c59b1a355bab1bed1f7633e695d7ab
343,abdullahi-the-honorable,abdullahi the honorable,"Popularly called ""buje budanu"" a godfather who lavishes money on young thugs",male,,dd708276-445f-4483-8357-fc08e999328f,8cba9c60cd666614838fb447ff189df1360c0b1bb1c143a2ecb5c04f87da4639
344,ojukwu-the-badguy,ojukwu the badguy,Ojukwu likes to oppress and cause trouble,male,,76c1eabf-15ea-446a-8426-472982c4d800,3933585f535850e9651773c187620d10f347451abd22a92ae2c64693d88ffc9a
345,odunsi-the-egbonadugbo,odunsi the egbonadugbo,Odunsi loves to advise and people in the community rely on him,male,,2912ab8b-5875-4277-a5c2-a0209aee90ae,8acb567f3662a8f6801168fcac39e3846eb97b00cbbf5a995614b68e528d6443
346,ogogo-the-sugardaddy,ogogo the sugardaddy,A rich oil magnate who loves to 'solve' young women's problems with his millions,male,,aa575f30-04ad-45f9-a798-199465117793,f609c03dac42c53c25c5ebddcf55f1ee8bca9d87a2d1cbbe7d11f731f7408342
347,suli-the-amalaseller,suli the amalaseller,"Suli sells amala , she is very rude, and they say thats the secret to her sweet food",female,,46fd4821-04dd-4f65-9290-c130a00c4c93,756ec9fb3012b69843ee96b88c7a6adc0f30263ede18ebf0e41c9003b8037766
348,dolapo-the-afrocentric,dolapo the afrocentric,Dolapo loves african prints and loves to showcase culture,female,,cbab232b-5c62-4df8-867b-018a2e496cd4,045c301457db2a06ab47104cc2f70498f5cee3948f0b20fab9e9393ffccaba33
349,danjuma-the-saddist,danjuma-the-saddist,Danjuma is a grumpy man no one likes to associate with him,male,,5a42af57-186e-425b-b6b1-f72bda4911ef,b92926adedd1e0f8375276210a595000318ca0a075243c19b5d59f676d1239d1
350,chinedu-the-farmer,chinedu the farmer,An hardworking farmer who has 6 boys who help out on the farm,male,,9e8a55d7-0d8d-465d-a628-08ddd387a2c6,8647ded407c0b7b1b6512c99e795a5e8cfa86d1ed3d500b45a8383cc50705d4b
351,kola-the-baldguy,kola the baldguy,kola girls fall for his bald head and always barb it,male,,c32f1757-da9c-49e8-bd79-510a42b6971a,0c122a85231f2f56868cebbf75503eff11f1d02d938d40dc63d26a1478a65c9d
352,bola-the-bosslady,bola the bosslady,Bola commands boys and chill with men,female,,09ff910d-a2be-49d5-8b27-b9378458701c,d0169431b7dc74ca1a4edad8d055fa08309ec0b845e6ac9b97fc4cf1f6f4a876
353,kunle-the-alienguy,kunle the alienguy,People feared kunle because of his alien's colour,male,,dea2f5d8-e3ba-4d3f-9a17-0a7edfd0c100,976270eb17551590f98bf334679cd267233c6322a7994d3187e915ac52ad8ba6
354,segun-the-sharp,segun the sharp,Segun drives with caution and people love him for that,male,,f9159a9c-f48d-4aee-bcc1-63c86209f806,a21ace97650af584c897539d71eccd034b6a7ab573ef77e9626ff9be7b7700a6
355,ola-the-hardguy,ola the hardguy,Ola is feared by many and he leveraged on that,male,,a814fc77-bdfa-4e50-8ba8-3e4e4bcfb3c0,f74652e3c839316057b047f4f27989e1c03725cad0a572acf276dc0e8295c95b
356,emeka-the-chief,emeka the chief,Crowd are always at Emeka's house and people respect him,male,,195e89c8-0b6f-43ad-9a2c-d20f03439e96,9d4077bedc1bb7d27ff66c8c55163e1a372895599859d7fc44765d122debc223
357,ugochukwu-the-celeb,ugochukwu the celeb,Ugochukwu has many followers on social media,male,,74775cda-cff4-4d21-8819-693127598eca,de053f9b59bcb8b59e0b6c2ff4a8a9f33c2570a22b13f04d693bd25688ddd0fb
358,adekunle-the-yorubademon,adekunle the yoruba demon,A womans' man with no devotion to any of them,male,,5c98c2d8-3144-4e08-8a0f-9b8d7e4f5aa7,b5437cd141490838a73f3fafc96d9c1080d1865e6926c51e018171f0b5ee034a
359,favour-the-fashionista,favour the fashionista,Combining dresses is not a problem for Favour,female,,19fc15c3-80fe-4d45-a2fe-be8f087d57c4,8e56d40bb636b04395a565cba6cbafd6290be1c6e4fff0fd141a606dff49b87c
360,jane-the-slayqueen,jane the slayqueen,Jane is always found in the midst of men and loves partying,female,,74775cda-cff4-4d21-8819-693127598eca,8fb9c791f00f60c1a46c794917ba8a1a246531bbda38c362f319ebc50eae7f14
,,,,,,,bad264c25caeced3849778c9e2ffad1892d1ef80aa081dec5b0fc17cb28beb9f
TEAM VBELT,,,,,,,1edcd624f92273fba5563868b767e4460275e99da3051a4c39c48dd02a07eb87
361,osas-the-ceo,osas the ceo,"Meet Osas, a Gen-Z CEO with the British accent.",Female,"Hair: purple dreadlocks, Accessory: gold glasses",b10f7e42-4778-49db-820b-dabbad75504a,8e98f9888dc049ef5469f9d9c51b1ccb8111f1fcfb0866007db3905bcc87794d
362,nneka-the-rainbow babe,nneka the rainbow babe,"Nneka, the happy rainbow babe with the vibes",Female,"Hair: pink, Accessory: Pink",e7e20ab8-03e0-4e0a-80aa-6e193f84426e,a0a7f519e81faf411c3987c6afbf1c7c7aeea78a2eb283924a119d8aec7e0ba1
363,temitope-the-spoilt girl,temitope the spoilt girl,"Temitope, our favourite Daddy's girl.",Female,"Teeth: vampire teeth, accessory: gold glasses",10cbcbcb-754e-4175-b85d-d0c7eafa16a2,f85cbd5557ec3f201e9aba4a45affaf505be64320ea66e2ffd11ad03a39ec0a9
364,bekeh-the-party animal,bekeh the party animal,"Baby Bekeh, Life of the party that goes home with your charger.",Female,"Hair: dark brown, Accessory: gold glasses",f0558235-3043-46e5-b26c-5bde83cc67fb,f5071eb7ff4d294bfa982ca1678f246354c68d8f409bfc38b675e9530a851754
365,nana-the-tech lady,nana the tech lady,"Nana, the tech madam that doubles as Kumasi Adele in her bathroom every morning.",Female,"Accessory: gold glasses, beret, Hair: black",e0858913-7050-4c4a-a2a0-442a88463334,5eefc45e1b768a3553d947af35c5e91447cb672b1861ddfc56b7a41b18387d99
366,rofiat-the-marketer,rofiat the marketer,"Rofiat, the distressed marketing intern.",Female,"Eyes: Brown, Hair: Purple dreadlocks",1e4d9bda-f6f9-4e7a-9381-bee4b074b56d,349e4a6f6f08a42a07ce6e24d2c8a3362f6c84b6ee40e72c5c3779aa36444deb
367,zarifa-the-righteous,zarifa the righteous,"Meet Zarifa, a proper baddie for Christ.",Female,Eyes: Blue Hair: Pink,c6955d16-c343-46bc-9bed-c069ea8cc65a,a9efe0cdec014e838df77c2f22585befe08e048bb9e12397f183ea7edfd58b20
368,modinat-the-troublesome,modinat the troublesome,"Modinat, The queen of Gbas Gbos.",Female,"Teeth: vampire teeth, Accessory: brown glasses, Hair: long maroon hair",49eb44e8-1117-463b-b7b3-1bcea4258362,d30d5faf3b611ee68cbe18998f4c3da1e50ea7dd0a760b4d280e45d3f82d0145
369,amaka-our-mummy-g.o,amaka our mummy g.o,"Here's Amaka, our one and only mummy G.O who's been to hell and back.",Female,"Eyes: blue, Hair: dark brown",853edc40-0f9d-40c5-ba78-46067dfd7f68,ff0ae6e69f284ce891560a365a300ef46b9ba1e7a2b08be7c8c5f2e9d5dd6364
370,mawusi-the-patient,mawusi the patient,"Meet Mawusi, the sweet sister waiting for her Canadian bobo.",Female,"Eyes: Blue, Accessory: beret, Hair: Black",ca9ddc30-141a-493d-851b-71d34f599641,a4116ec433ee6fa8b82707ebc0c36fef77fe102910dace4947d08684b83b22ad
371,nesta-the-difficult,nesta the difficult,"Meet Nesta,the National Chairlady, Shege Administrators of Nigeria. (SAN)",Female,"Hair: double puffy hair, Accessory: hair bands, Eyes: brown",fc3b7ca7-efdb-45b2-b7c9-e69107484a43,fa36a0880ecd14f3f45bf3a4e7d198f17a1a455d48e0e7ab644fa140fab127f1
372,adaora-the-choir mistress,adaora the choir mistress,"Adaora, our able choir mistress that will take your boyfriend for vanishing.",Female,"Accessory: choker necklace, Eyes: brown, Hair: black",df944505-da1a-424e-88aa-b9d365bd2775,c537faf646aa94131ef310ad7d4381cea1a1c49f1665892194ae59b4444599f0
373,busayo-the-husband snatcher,busayo the husband snatcher,"Miss Busayo, Can transplant your husband with the blink of her eyes",Female,"Eyes: brown, Hair: brown",73c8d935-4a71-41d2-a1de-066ae8d548e6,a5b0578e9602cb86745a5209661a673a68d7066d5c9790c5ed038e9e1f32975a
374,wangari-the-waitress,wangari the waitress,"Wangari, the aspiring musician that doubles as a waitress.",Female,"Accessory: Purple earrings, eyes: brown eyes, hair: purple dreadlocks",4bd7a15b-cc66-4e2d-8fdb-d550f2dd645c,18d60195f35052c46612ef1661de80af06703ea43b12ad7d4e99fbc5a68d088f
375,charlene-the-shy lady,charlene the shy lady,"Meet Charlene, the shy sweetheart next door.",Female,"Hair: brown afro, Eyes: brown",36539b84-ada0-43cb-92d4-30596e07a39a,aff5ed7afe67c25b956dc1c7a3869a24324664ec0a5137c7b52cfde1c5513ed0
376,addae-the-unretired,addae the unretired,"Mummy Addae, the hot grandma that has refused to retire.",Female,"Accessory: choker necklace, Eyes: brown, Hair: brown",ced7b53c-73de-4fc7-a652-2b17ebfe68c9,306e4e4668cdf5695b5b91de2c98d396b6bf0a44263073eb0b30efd5ae52b296
377,abena-the-slay queen,abena the slay queen,"Abena, the gang's slay queen",Female,"Eyes: squinting, Hair: long brown braids",1e4728e1-3e45-4972-9755-4a38e784ff91,5bb75a2be81afd161b40a10e0b780fd4c5deb357529d807eda9efd1cfe4dba84
378,gasira-the-violence mama,gasira the violence mama,"Sister Gasira, wipes people Oraimo cord for a living.",Female,"Teeth: vampire teeth, Hair: brown bun",ea72337f-658f-4198-9ad6-39bc6212c20d,d255294fe1f29d91a4062343bc6779c784a11a566756181a323ae0cf80851a7d
379,salamatou-the-exchange student,salamatou the exchange student,"Salamatou, An Ivorian exchange student who's in love with Amala.",Female,"Accessory: beret, Hair: Black, Eyes: Squinted",0e216fd1-d96a-4e3c-a59b-c807f772c5b3,6a7932f26ac4cfebc2977755db519b37eaf4cccc0804b8fa480a171dd43e4b6f
380,nguyen-the-foreigner,nguyen the foreigner,"Meet Nguyen, the Asian Aunt that's addicted to Waakaye.",Female,"Eyes: Squinted, Skin: White, Hair: dark brown",0381301b-b5a3-42c1-9f73-2c43c0b8493f,c768efca9a66060353abfe18fbb00935279199cb60feafcbe497bf931df6a0f6
,,,,,,,bad264c25caeced3849778c9e2ffad1892d1ef80aa081dec5b0fc17cb28beb9f
TEAM AXE,,,,,,,87c06e65c3b6e990a365b07c432e32e5bcc4aae97e579e20d2cd1ae380fbd50f
381,Olofi,Olofi,Olofi is the Yoruba creator god and messenger.,Male,Eyes: Sky Blue. Accessories: FaceMask. Strength: Creation God. Weakness: Love,26340cc4-e334-494e-a737-f2b4bb9bb22e,80e23fedfa34f3abf4b576f6606342a616a80a042b8510648a250bc407b2598d
382,Amadioha,Amadioha,Amadioha is the Igbo high god of thunder.,Male,Eyes:Shut. Hair: Bald. Accessories: FaceMask. Strength: Thunder Bolt.  Weakness:  PalmOil,a0586a93-7aff-43cc-8282-d081b8d6fe90,38613bdde4ac9ff8d8fe7cd5e1accda5a6d31adb050e311a8329f80691c6bc54
383,Sango,Sango,Sango is the yoruba diety of thunder.,Male,Hair:Shiny Bald. Clothing: AsoOke. Expression: Cunning. Strength: Thunder Clap. Weakness: Mice,15e1775c-74fe-4a0b-b79c-49f6b730fa89,ba68ac00a868d5801306050110b817bc1dc2a752f3dd91665f5d149aab8e037b
384,Agwu,Agwu,Agwu is the Igbo deity of health and divination.,Male,Eyes: Aquamarine. Hair: Shiny Bald. Expression: Childlike. Strength: Healing. Weakness: Fire,311a6713-66c9-43ce-82d8-e3ce03a87a81,c13ce09f5fb0e6bd9579c157e44660d222486904e1cdc00c1c64d12a6cdb959d
385,Tano,Tano,Tano is the master of the Ghana river Tano.,Male,Eyes: Squinted.  Clothing: Yellow Danshiki with patterns. ,9c34a73f-33ee-4577-aba8-0982c1656ba7,c61e24d509c7339562017afa327ad1cf82b49c1b560e33bf0845bd762f1d8094
386,Anansi,Anansi,Anansi is a trickster god of stories of the Ghana people.,Male,Eyes: Sleepy. Accessories: FaceMask.  Clothing: Black Danshiki with patterns. Strength: Illusions. Weakness: Mirrors,784f0f6b-4273-4a31-88d7-2455b96c9011,e8f45a07bf94532d21aa653c05883702e3d66881863a521c4f6d901ea6132d00
387,Nyame,Nyame,Nyame is the omnipotent god of the Ghana region.,Male,"Eyes:Black, Hair:Bald, Expression: Serious. Accessories: Facemask. Clothing: Yellow Patterned Danshiki with black lining. Strength: HeatBlast. Weakness: Cattles. ",f3af0bbd-0724-4696-89ff-ed67f63e6b4f,439ff6a12ee61eb726c227e3831d9a63a9805eba5c4ef7ea339fdf4cfc4fab2c
388,Obatala,Obatala,Obatala is the lord of all gods in the Yoruba land.,Male,Eyes: Pitch Black. Expression: Mysterious. Clothing: Yellowish Blue Native. Strength: Oro Ase. Weakness: None. Nicknamem: SkyDaddy,c447c120-830e-4543-9cb3-5917ba36bce8,190cbdfbc0a800936c5746df04c1aae5a51414939a4e5fa1c0e2ff6184ffafac
389,Erinle,Erinle,"Erinle is a powerful hunter of the Yoruba land.,",Male,,dacbbb38-087d-4248-8085-13b619da0ef9,be2a079b6067981a2f1872cec1643ebbb8a2b49d61e95f247073dbba13cfac92
390,Ogun,Ogun,Ogun is the Yoruba God of iron and metal work.,Male,,94c607b3-791e-40df-bd93-50926f094143,41720497d5237ca0d2188688c7e389f99634467fbe4bdbce89fbdf5d42052a5f
391,Abosom,Abosom,Abosom is the goddess of wisdom and knowledge of the Ghana people.,Female,,b3427836-627b-41e4-a2d0-c29473448343,27406bda9d71d86b0a41b818ee651e41fc553bd56ec80587dbe951038fba6e88
392,Oya,Oya,Oya is the goddess of violent storms and winds of the Yoruba people.,Female,,22aaebe4-4659-44de-ab3d-c4dae11fe9f5,1d83e705b02b8ac8f1db827aa4f4a3459b36cbbb4234f359e0414cc2e1287e4a
393,Agbala,Agbala,Agbala is the stylish goddess of the future for the Igbo region.,Female,,ca720bf9-5e47-4421-b38f-bc62162ae99e,b7d0eb14db10fbb78737e435563261e83e0a61a1a0e4848fcdd2f3c29edd858b
394,Njoku-ji,Njoku-ji,Njoku-ji is the goddess of new yam of the Igbo people.,Female,,3b795bad-91b4-4d0e-8ed8-bccbb226fc55,e2c25b5b8a53e3be727129ffc39371fb26cf6cdce621923fa56ec073eff7c7b3
395,Akonadi,Akonadi,Akonadi is the goddess of justice and prophesies of the Ghana people.,Female,,2aebd094-3be5-4773-a7a0-361f6332a7d4,c76435dad04ac29148bbddd23a6a95a8c80d84503b2e51d2cb363f513d3b3d66
396,Onyame,Onyame,Onyame is the goddess of the moon of the ghana region,Female,,fb148f97-d309-45a4-b902-4e066ca13f96,17e1ca0b1b12ee7dc619651c5dbd557e6714d0e4594890179b2ba89c58625dad
397,Ibeji,Ibeji,Ibeji is the goddess of balance and twin of the Yoruba people.,Female,,7b210c03-5446-462d-980e-c73dbbc1e386,a295d983e61f6a4c1ced66e1158b788d17ef019e7385080e9304223e2583ee23
398,Asase-ya,Asase-ya,Asase-ya is the goddess of fertility and love of the Ghanaian people,Female,,80b51092-3fbc-4d0c-8518-fc461ccb6c80,1fff39aa145385ed81792946544d3435e5d18c055554fbced89aa95c305f72f6
399,Yemoja,Yemoja,Yemoja is the stylish yoruba goddess of the rivers.,Female,,1693b44d-96cf-4c2d-89be-9f4219c28447,e82d48ee2210446acd41f03c3bf2b52341d4fdddcfc0521667e62ace179c4703
400,Yemaya,Yemaya,Yemaya is the Ghana goddess of rivers and waters.,Female,,9609d0f4-d9d3-4cff-aa06-a9c459fefa39,b80d2bd3fffb1bf1f4980cd15d29924eb320347b1ca682ed018336666b21f62e
,,,,,,,bad264c25caeced3849778c9e2ffad1892d1ef80aa081dec5b0fc17cb28beb9f
TEAM BOOT,,,,,,,d505b875ca1ec62c7e566430e88df23e226792a008504ee757a95a517f650015
401,smirky-becky,smirky becky,Becky ends every statement she makes with a smirk.,female,"Eyes: Brown, Accessories: Ankara beret",87bcc41f-eb3e-4ba2-9645-223c949a9b50,6b8027f037a78a84f3d5c683a3566de779aa9b28675a3a275d2be68f2dfe08dc
402,ankara-scarlett,ankara scarlett,Scarlett is a tailor at yaba market and she loves what she does.,female,"Hair: Orange bun, Skin Colour: Caramel",66d0149f-5f2a-4ded-8e6b-9bd7d7631c39,4da2436e4a7518e441b30a38adf056b242ff36f441c579a4fd5fd3dbf5271c7a
403,sea-rastafaria,sea rastafaria,Ronke is the ghetto goddess that nobody wants to mess with. Stay clear!,female,"Hair: Purple dreadlocks, Skin Colour: Caramel",d1556c97-9075-49fc-8bde-1826bfc2dbe1,42768c10a711a4757528863974f68c0b7db317f7f10769c4b0c05ac84bf0ecf6
404,pretty-betty,pretty betty,Betty is always proud of her beauty.,female,"Hair: Orange bob, Skin Colour: Caramel",6a4f5b7c-914d-42c5-8e5f-d1c34ca48886,9a40343ab00a0001960f74a5ecf066b3d0701a7a5a898a18d1ee4b6ec90934ce
405,lola-medusa,lola medusa,Lola knows how to seduce every guys she is into.,female,"Hair: Long red braids, Skin Colour: Caramel",32ec57f7-8272-4671-ad2d-db3dff99fe9f,5a519c9eedf7be024e6e119a0497e71f7a3906fb84e389d2c7c6ef426e687143
406,bukola-nosend,bukola nosend,Bukola is friends with many but always get moody.,female,"Hair: Brunette bob, Skin Colour: Dark brown",59d19b13-09e2-412e-a669-df020e03ae10,eeea9e157413cc63e4b887a8bd6c7bf868efef2cfed1cc3b9307b22937ef6dbb
407,burna-morgan,burna morgan,Morgan paints the town red with her red hair.,female,"Hair: Two brunette buns, Skin colour: Dark brown, Accessories: Tobacco pipe",d08af477-de20-4780-8449-46b87840b9fa,a480d700c3ab0d12a455f3d881a8e32beb15d5667645989ec61752e21dd812a1
408,afro-star,afro star,Bimbo is an afro star with great affluence.,female,"Hair: Orange afro, Skin Colour: Caramel",40743b16-ae12-4b4a-989c-e5fbf1e2e0ca,72e1391037aa035013da9f9fee483b8f4d37b9ce09d153dd615a367263903760
409,fiesty-sandra,fiesty sandra,"Sandra is a social animal, correct owambe ambassador.",female,"Hair: Brown bun, Accessories: Purple bubblegum",d875aa6c-3e4a-4450-b09c-e9f1cdcc3947,33b424a9db3eb446ca67742f42fbfe712846f6803fbbd8532decdc30108c7355
410,sister-nkechi-sabi,sister nkechi sabi,"Nkechi is the true definition of amebo, always in peoples business.",female,"Hair: Black low cut, Skin Colour: Brown",a728a380-1d33-4080-841d-80b041474d8f,0692fcad2088427f5e1bbfe2a3ebcb614dad1d4eef4fd7c8a4f75994bb664d5f
411,unfriendly-gina,unfriendly gina,"Gina is an angry one, she has no friends but she has a lot of money.",female,"Hair: Orange bun, Skin Colour: Caramel, Expression: Stoic",dd30a327-8a74-40a5-8207-19a790508ccc,37380dfd3210943d33856ea40c278b66dd650ccf26cee862e660dd095aaab6e3
412,dada-ganster,dada ganster,"Dada respects no one, always finds pleasure terrorising others.",female,"Hair: Purple dreadlocks, Skin Colour: Brown, Expression: Annoyed",e1a43f65-aad2-4385-ac5e-bc159c6e0f2a,e8e4586aba2be045beafacdbbbf2735cd201d868402e5be8b536825ccea1e48f
413,idoncare-linda,idoncare linda,"Linda is a beautiful but very annoying girl, she turns every thing to a fight.",female,"Hair: Orange bob, Skin Colour: Caramel, Expression: Mischievous",ed04b47c-ae98-4db2-b71b-04d7bb976d45,b1abaa88cfdb841068037ad149273b8ed5b052048f666fd4545d7e37059b88a0
414,doubting-vivian,doubting vivian,"Vivian just like the thomas in the bible, she doubts all.",female,"Hair: Long red braids, Skin Colour: Caramel, Expression: Pissed",a0282797-44ef-4bfb-a701-e4ed5e727d63,970bff9dae7d0b2f576d41bccf156a888c3c545d7d77305a25aca7b49859007b
415,simbi-side-eyed,simbi side eyed,Simbi is reserved but doesn't allow anyone intimidate her.,female,"Hair: Two orange buns, Skin Colour: Brown",1f99104c-e98b-4c9a-9891-00a481e86008,f5bcae6cec394a009bfad8df0fa74455d1c1627bb645c60a0a48f0fd33f6b7be
416,bambi-tekno,bambi tekno,Bambi is the dancer of the team.,female,"Hair: Brown low buns, Skin Colour: Blue,  Accessories: Yellow sunglasses",95ff5e2c-1ff2-4d58-890b-de0f39f9d8ce,e39da2dbf4046a741b4c6c85ae942c7e8b535177712c7eba58d23a252426aff2
417,saka-portable,saka portable,Saka is forever convinced that his toothless smile is the icing on his cake.,male,"Skin Colour: Blue, Accessories: Purple cap and yellow sunglasses",bd98f74f-e42e-494e-8298-3183555ca666,f979a38dac28362b751278d3675a7c71e7f2e89c6b28495343cdf9cb408c5ca3
418,king-of-boys,king of boys,Busayo finds her way in ruling the boys and that's why she's king of boys.,female,"Hair: Black buns, Skin color: White, Accessories: Cigarette pipe",a650e79c-f964-4eb1-aa89-f9c1dbdede76,cf9530b20fbf69cebebc065bfcdabd36d6c09043a7e400324fb7bd09f9604a01
419,funky-alte-pop,funky alte pop,"Funke is always the life of every party, strong gen z advocate.",female,"Hair:  Two red buns, Skin color: White, Acessories Yellow sun shades, Expression: Rugged",b6753a8b-6127-4e97-812b-99e465791ba3,150a5d50322ff71ca9d54278e9c1115184f53e4741c0e65d24576516c06553d4
420,madame-ngozi,madame ngozi,Ngozi make heads turn with her bright colours.,female,"Hair: Brown afro, Skin  color: White, Accessories: Yellow sunglasses, Expression: Pissed",7ecdbb1d-9a89-4136-b240-499051836979,eb3acce573afb65ab62c0fc2c7e5c3ef18a90da9e48e105a8918b62d03700d04
